sku,field,value,source_id,pdf_page,local_path,source_url,method,review_status,note
MON-001,model,"""S2425H""",DELL-S25H,1,data/raw/dell/S2425H_S2725H_user_guide.pdf,https://dl.dell.com/content/manual2749111-dell-s2425h-monitor-user-s-guide.pdf?language=en-us#page=1,direct_specification,assistant_checked_against_downloaded_manual,
MON-001,screen_inches,23.8,DELL-S25H,16,data/raw/dell/S2425H_S2725H_user_guide.pdf,https://dl.dell.com/content/manual2749111-dell-s2425h-monitor-user-s-guide.pdf?language=en-us#page=16,direct_specification,assistant_checked_against_downloaded_manual,
MON-001,resolution,"""1920x1080""",DELL-S25H,19,data/raw/dell/S2425H_S2725H_user_guide.pdf,https://dl.dell.com/content/manual2749111-dell-s2425h-monitor-user-s-guide.pdf?language=en-us#page=19,direct_specification,assistant_checked_against_downloaded_manual,
MON-001,max_refresh_hz,100,DELL-S25H,19,data/raw/dell/S2425H_S2725H_user_guide.pdf,https://dl.dell.com/content/manual2749111-dell-s2425h-monitor-user-s-guide.pdf?language=en-us#page=19,direct_specification,assistant_checked_against_downloaded_manual,HDMI-only video; no USB-C connector in the connectivity list.
MON-001,usb_c_video,false,DELL-S25H,16,data/raw/dell/S2425H_S2725H_user_guide.pdf,https://dl.dell.com/content/manual2749111-dell-s2425h-monitor-user-s-guide.pdf?language=en-us#page=16,normalized_from_exhaustive_connectivity_list_and_port_direction,assistant_checked_against_downloaded_manual,HDMI-only video; no USB-C connector in the connectivity list.
MON-001,usb_c_pd_watts,0,DELL-S25H,16,data/raw/dell/S2425H_S2725H_user_guide.pdf,https://dl.dell.com/content/manual2749111-dell-s2425h-monitor-user-s-guide.pdf?language=en-us#page=16,normalized_from_exhaustive_connectivity_list_and_port_direction,assistant_checked_against_downloaded_manual,HDMI-only video; no USB-C connector in the connectivity list.
MON-001,usb_c_downstream_charge_watts,0,DELL-S25H,16,data/raw/dell/S2425H_S2725H_user_guide.pdf,https://dl.dell.com/content/manual2749111-dell-s2425h-monitor-user-s-guide.pdf?language=en-us#page=16,no_usb_connector_in_connectivity_list,assistant_checked_against_downloaded_manual,HDMI-only video; no USB-C connector in the connectivity list.
MON-001,video_inputs,"[""HDMI""]",DELL-S25H,16,data/raw/dell/S2425H_S2725H_user_guide.pdf,https://dl.dell.com/content/manual2749111-dell-s2425h-monitor-user-s-guide.pdf?language=en-us#page=16,direct_specification,assistant_checked_against_downloaded_manual,
MON-002,model,"""S2725H""",DELL-S25H,1,data/raw/dell/S2425H_S2725H_user_guide.pdf,https://dl.dell.com/content/manual2749111-dell-s2425h-monitor-user-s-guide.pdf?language=en-us#page=1,direct_specification,assistant_checked_against_downloaded_manual,
MON-002,screen_inches,27,DELL-S25H,16,data/raw/dell/S2425H_S2725H_user_guide.pdf,https://dl.dell.com/content/manual2749111-dell-s2425h-monitor-user-s-guide.pdf?language=en-us#page=16,direct_specification,assistant_checked_against_downloaded_manual,
MON-002,resolution,"""1920x1080""",DELL-S25H,19,data/raw/dell/S2425H_S2725H_user_guide.pdf,https://dl.dell.com/content/manual2749111-dell-s2425h-monitor-user-s-guide.pdf?language=en-us#page=19,direct_specification,assistant_checked_against_downloaded_manual,
MON-002,max_refresh_hz,100,DELL-S25H,19,data/raw/dell/S2425H_S2725H_user_guide.pdf,https://dl.dell.com/content/manual2749111-dell-s2425h-monitor-user-s-guide.pdf?language=en-us#page=19,direct_specification,assistant_checked_against_downloaded_manual,Use the S2725H column of the shared specifications table.
MON-002,usb_c_video,false,DELL-S25H,16,data/raw/dell/S2425H_S2725H_user_guide.pdf,https://dl.dell.com/content/manual2749111-dell-s2425h-monitor-user-s-guide.pdf?language=en-us#page=16,normalized_from_exhaustive_connectivity_list_and_port_direction,assistant_checked_against_downloaded_manual,Use the S2725H column of the shared specifications table.
MON-002,usb_c_pd_watts,0,DELL-S25H,16,data/raw/dell/S2425H_S2725H_user_guide.pdf,https://dl.dell.com/content/manual2749111-dell-s2425h-monitor-user-s-guide.pdf?language=en-us#page=16,normalized_from_exhaustive_connectivity_list_and_port_direction,assistant_checked_against_downloaded_manual,Use the S2725H column of the shared specifications table.
MON-002,usb_c_downstream_charge_watts,0,DELL-S25H,16,data/raw/dell/S2425H_S2725H_user_guide.pdf,https://dl.dell.com/content/manual2749111-dell-s2425h-monitor-user-s-guide.pdf?language=en-us#page=16,no_usb_connector_in_connectivity_list,assistant_checked_against_downloaded_manual,Use the S2725H column of the shared specifications table.
MON-002,video_inputs,"[""HDMI""]",DELL-S25H,16,data/raw/dell/S2425H_S2725H_user_guide.pdf,https://dl.dell.com/content/manual2749111-dell-s2425h-monitor-user-s-guide.pdf?language=en-us#page=16,direct_specification,assistant_checked_against_downloaded_manual,
MON-003,model,"""P2225H""",DELL-P25H,1,data/raw/dell/P2225H_P2425H_P2725H_user_guide.pdf,https://dl.dell.com/content/manual18231535-dell-p2425h-monitor-user-s-guide.pdf?language=en-us#page=1,direct_specification,assistant_checked_against_downloaded_manual,
MON-003,screen_inches,21.5,DELL-P25H,17,data/raw/dell/P2225H_P2425H_P2725H_user_guide.pdf,https://dl.dell.com/content/manual18231535-dell-p2425h-monitor-user-s-guide.pdf?language=en-us#page=17,direct_specification,assistant_checked_against_downloaded_manual,
MON-003,resolution,"""1920x1080""",DELL-P25H,25,data/raw/dell/P2225H_P2425H_P2725H_user_guide.pdf,https://dl.dell.com/content/manual18231535-dell-p2425h-monitor-user-s-guide.pdf?language=en-us#page=25,direct_specification,assistant_checked_against_downloaded_manual,
MON-003,max_refresh_hz,100,DELL-P25H,25,data/raw/dell/P2225H_P2425H_P2725H_user_guide.pdf,https://dl.dell.com/content/manual18231535-dell-p2425h-monitor-user-s-guide.pdf?language=en-us#page=25,direct_specification,assistant_checked_against_downloaded_manual,"USB-C is downstream charging only, not a video input. The 100 Hz maximum applies to HDMI/DP; VGA maximum is 60 Hz."
MON-003,usb_c_video,false,DELL-P25H,18,data/raw/dell/P2225H_P2425H_P2725H_user_guide.pdf,https://dl.dell.com/content/manual18231535-dell-p2425h-monitor-user-s-guide.pdf?language=en-us#page=18,normalized_from_exhaustive_connectivity_list_and_port_direction,assistant_checked_against_downloaded_manual,"USB-C is downstream charging only, not a video input. The 100 Hz maximum applies to HDMI/DP; VGA maximum is 60 Hz."
MON-003,usb_c_pd_watts,0,DELL-P25H,18,data/raw/dell/P2225H_P2425H_P2725H_user_guide.pdf,https://dl.dell.com/content/manual18231535-dell-p2425h-monitor-user-s-guide.pdf?language=en-us#page=18,normalized_from_exhaustive_connectivity_list_and_port_direction,assistant_checked_against_downloaded_manual,"USB-C is downstream charging only, not a video input. The 100 Hz maximum applies to HDMI/DP; VGA maximum is 60 Hz."
MON-003,usb_c_downstream_charge_watts,15,DELL-P25H,18,data/raw/dell/P2225H_P2425H_P2725H_user_guide.pdf,https://dl.dell.com/content/manual18231535-dell-p2425h-monitor-user-s-guide.pdf?language=en-us#page=18,direct_specification,assistant_checked_against_downloaded_manual,"USB-C is downstream charging only, not a video input. The 100 Hz maximum applies to HDMI/DP; VGA maximum is 60 Hz."
MON-003,video_inputs,"[""HDMI"", ""DisplayPort"", ""VGA""]",DELL-P25H,18,data/raw/dell/P2225H_P2425H_P2725H_user_guide.pdf,https://dl.dell.com/content/manual18231535-dell-p2425h-monitor-user-s-guide.pdf?language=en-us#page=18,direct_specification,assistant_checked_against_downloaded_manual,
MON-004,model,"""P2425H""",DELL-P25H,1,data/raw/dell/P2225H_P2425H_P2725H_user_guide.pdf,https://dl.dell.com/content/manual18231535-dell-p2425h-monitor-user-s-guide.pdf?language=en-us#page=1,direct_specification,assistant_checked_against_downloaded_manual,
MON-004,screen_inches,23.81,DELL-P25H,19,data/raw/dell/P2225H_P2425H_P2725H_user_guide.pdf,https://dl.dell.com/content/manual18231535-dell-p2425h-monitor-user-s-guide.pdf?language=en-us#page=19,direct_specification,assistant_checked_against_downloaded_manual,
MON-004,resolution,"""1920x1080""",DELL-P25H,25,data/raw/dell/P2225H_P2425H_P2725H_user_guide.pdf,https://dl.dell.com/content/manual18231535-dell-p2425h-monitor-user-s-guide.pdf?language=en-us#page=25,direct_specification,assistant_checked_against_downloaded_manual,
MON-004,max_refresh_hz,100,DELL-P25H,25,data/raw/dell/P2225H_P2425H_P2725H_user_guide.pdf,https://dl.dell.com/content/manual18231535-dell-p2425h-monitor-user-s-guide.pdf?language=en-us#page=25,direct_specification,assistant_checked_against_downloaded_manual,"USB-C is downstream charging only, not a video input. The 100 Hz maximum applies to HDMI/DP; VGA maximum is 60 Hz."
MON-004,usb_c_video,false,DELL-P25H,20,data/raw/dell/P2225H_P2425H_P2725H_user_guide.pdf,https://dl.dell.com/content/manual18231535-dell-p2425h-monitor-user-s-guide.pdf?language=en-us#page=20,normalized_from_exhaustive_connectivity_list_and_port_direction,assistant_checked_against_downloaded_manual,"USB-C is downstream charging only, not a video input. The 100 Hz maximum applies to HDMI/DP; VGA maximum is 60 Hz."
MON-004,usb_c_pd_watts,0,DELL-P25H,20,data/raw/dell/P2225H_P2425H_P2725H_user_guide.pdf,https://dl.dell.com/content/manual18231535-dell-p2425h-monitor-user-s-guide.pdf?language=en-us#page=20,normalized_from_exhaustive_connectivity_list_and_port_direction,assistant_checked_against_downloaded_manual,"USB-C is downstream charging only, not a video input. The 100 Hz maximum applies to HDMI/DP; VGA maximum is 60 Hz."
MON-004,usb_c_downstream_charge_watts,15,DELL-P25H,20,data/raw/dell/P2225H_P2425H_P2725H_user_guide.pdf,https://dl.dell.com/content/manual18231535-dell-p2425h-monitor-user-s-guide.pdf?language=en-us#page=20,direct_specification,assistant_checked_against_downloaded_manual,"USB-C is downstream charging only, not a video input. The 100 Hz maximum applies to HDMI/DP; VGA maximum is 60 Hz."
MON-004,video_inputs,"[""HDMI"", ""DisplayPort"", ""VGA""]",DELL-P25H,20,data/raw/dell/P2225H_P2425H_P2725H_user_guide.pdf,https://dl.dell.com/content/manual18231535-dell-p2425h-monitor-user-s-guide.pdf?language=en-us#page=20,direct_specification,assistant_checked_against_downloaded_manual,
MON-005,model,"""P2425""",DELL-P25H,1,data/raw/dell/P2225H_P2425H_P2725H_user_guide.pdf,https://dl.dell.com/content/manual18231535-dell-p2425h-monitor-user-s-guide.pdf?language=en-us#page=1,direct_specification,assistant_checked_against_downloaded_manual,
MON-005,screen_inches,24.07,DELL-P25H,21,data/raw/dell/P2225H_P2425H_P2725H_user_guide.pdf,https://dl.dell.com/content/manual18231535-dell-p2425h-monitor-user-s-guide.pdf?language=en-us#page=21,direct_specification,assistant_checked_against_downloaded_manual,
MON-005,resolution,"""1920x1200""",DELL-P25H,25,data/raw/dell/P2225H_P2425H_P2725H_user_guide.pdf,https://dl.dell.com/content/manual18231535-dell-p2425h-monitor-user-s-guide.pdf?language=en-us#page=25,direct_specification,assistant_checked_against_downloaded_manual,
MON-005,max_refresh_hz,100,DELL-P25H,25,data/raw/dell/P2225H_P2425H_P2725H_user_guide.pdf,https://dl.dell.com/content/manual18231535-dell-p2425h-monitor-user-s-guide.pdf?language=en-us#page=25,direct_specification,assistant_checked_against_downloaded_manual,16:10 model P2425 is different from P2425H and P2425E. USB-C downstream only. VGA maximum is 60 Hz.
MON-005,usb_c_video,false,DELL-P25H,22,data/raw/dell/P2225H_P2425H_P2725H_user_guide.pdf,https://dl.dell.com/content/manual18231535-dell-p2425h-monitor-user-s-guide.pdf?language=en-us#page=22,normalized_from_exhaustive_connectivity_list_and_port_direction,assistant_checked_against_downloaded_manual,16:10 model P2425 is different from P2425H and P2425E. USB-C downstream only. VGA maximum is 60 Hz.
MON-005,usb_c_pd_watts,0,DELL-P25H,22,data/raw/dell/P2225H_P2425H_P2725H_user_guide.pdf,https://dl.dell.com/content/manual18231535-dell-p2425h-monitor-user-s-guide.pdf?language=en-us#page=22,normalized_from_exhaustive_connectivity_list_and_port_direction,assistant_checked_against_downloaded_manual,16:10 model P2425 is different from P2425H and P2425E. USB-C downstream only. VGA maximum is 60 Hz.
MON-005,usb_c_downstream_charge_watts,15,DELL-P25H,22,data/raw/dell/P2225H_P2425H_P2725H_user_guide.pdf,https://dl.dell.com/content/manual18231535-dell-p2425h-monitor-user-s-guide.pdf?language=en-us#page=22,direct_specification,assistant_checked_against_downloaded_manual,16:10 model P2425 is different from P2425H and P2425E. USB-C downstream only. VGA maximum is 60 Hz.
MON-005,video_inputs,"[""HDMI"", ""DisplayPort"", ""VGA""]",DELL-P25H,22,data/raw/dell/P2225H_P2425H_P2725H_user_guide.pdf,https://dl.dell.com/content/manual18231535-dell-p2425h-monitor-user-s-guide.pdf?language=en-us#page=22,direct_specification,assistant_checked_against_downloaded_manual,
MON-006,model,"""P2725H""",DELL-P25H,1,data/raw/dell/P2225H_P2425H_P2725H_user_guide.pdf,https://dl.dell.com/content/manual18231535-dell-p2425h-monitor-user-s-guide.pdf?language=en-us#page=1,direct_specification,assistant_checked_against_downloaded_manual,
MON-006,screen_inches,27,DELL-P25H,23,data/raw/dell/P2225H_P2425H_P2725H_user_guide.pdf,https://dl.dell.com/content/manual18231535-dell-p2425h-monitor-user-s-guide.pdf?language=en-us#page=23,direct_specification,assistant_checked_against_downloaded_manual,
MON-006,resolution,"""1920x1080""",DELL-P25H,25,data/raw/dell/P2225H_P2425H_P2725H_user_guide.pdf,https://dl.dell.com/content/manual18231535-dell-p2425h-monitor-user-s-guide.pdf?language=en-us#page=25,direct_specification,assistant_checked_against_downloaded_manual,
MON-006,max_refresh_hz,100,DELL-P25H,25,data/raw/dell/P2225H_P2425H_P2725H_user_guide.pdf,https://dl.dell.com/content/manual18231535-dell-p2425h-monitor-user-s-guide.pdf?language=en-us#page=25,direct_specification,assistant_checked_against_downloaded_manual,USB-C downstream charging is not laptop video/charging upstream. VGA maximum is 60 Hz.
MON-006,usb_c_video,false,DELL-P25H,24,data/raw/dell/P2225H_P2425H_P2725H_user_guide.pdf,https://dl.dell.com/content/manual18231535-dell-p2425h-monitor-user-s-guide.pdf?language=en-us#page=24,normalized_from_exhaustive_connectivity_list_and_port_direction,assistant_checked_against_downloaded_manual,USB-C downstream charging is not laptop video/charging upstream. VGA maximum is 60 Hz.
MON-006,usb_c_pd_watts,0,DELL-P25H,24,data/raw/dell/P2225H_P2425H_P2725H_user_guide.pdf,https://dl.dell.com/content/manual18231535-dell-p2425h-monitor-user-s-guide.pdf?language=en-us#page=24,normalized_from_exhaustive_connectivity_list_and_port_direction,assistant_checked_against_downloaded_manual,USB-C downstream charging is not laptop video/charging upstream. VGA maximum is 60 Hz.
MON-006,usb_c_downstream_charge_watts,15,DELL-P25H,24,data/raw/dell/P2225H_P2425H_P2725H_user_guide.pdf,https://dl.dell.com/content/manual18231535-dell-p2425h-monitor-user-s-guide.pdf?language=en-us#page=24,direct_specification,assistant_checked_against_downloaded_manual,USB-C downstream charging is not laptop video/charging upstream. VGA maximum is 60 Hz.
MON-006,video_inputs,"[""HDMI"", ""DisplayPort"", ""VGA""]",DELL-P25H,24,data/raw/dell/P2225H_P2425H_P2725H_user_guide.pdf,https://dl.dell.com/content/manual18231535-dell-p2425h-monitor-user-s-guide.pdf?language=en-us#page=24,direct_specification,assistant_checked_against_downloaded_manual,
MON-007,model,"""P2425HE""",DELL-P25HE,1,data/raw/dell/P2425HE_P2425E_P2725HE_user_guide.pdf,https://dl.dell.com/content/manual18972647-dell-p2725he-monitor-user-s-guide.pdf?language=en-us#page=1,direct_specification,assistant_checked_against_downloaded_manual,
MON-007,screen_inches,23.81,DELL-P25HE,17,data/raw/dell/P2425HE_P2425E_P2725HE_user_guide.pdf,https://dl.dell.com/content/manual18972647-dell-p2725he-monitor-user-s-guide.pdf?language=en-us#page=17,direct_specification,assistant_checked_against_downloaded_manual,
MON-007,resolution,"""1920x1080""",DELL-P25HE,23,data/raw/dell/P2425HE_P2425E_P2725HE_user_guide.pdf,https://dl.dell.com/content/manual18972647-dell-p2725he-monitor-user-s-guide.pdf?language=en-us#page=23,direct_specification,assistant_checked_against_downloaded_manual,
MON-007,max_refresh_hz,100,DELL-P25HE,23,data/raw/dell/P2425HE_P2425E_P2725HE_user_guide.pdf,https://dl.dell.com/content/manual18972647-dell-p2725he-monitor-user-s-guide.pdf?language=en-us#page=23,direct_specification,assistant_checked_against_downloaded_manual,USB-C upstream supports video and up to 90 W PD. Host and cable must support the required mode.
MON-007,usb_c_video,true,DELL-P25HE,18,data/raw/dell/P2425HE_P2425E_P2725HE_user_guide.pdf,https://dl.dell.com/content/manual18972647-dell-p2725he-monitor-user-s-guide.pdf?language=en-us#page=18,direct_specification,assistant_checked_against_downloaded_manual,USB-C upstream supports video and up to 90 W PD. Host and cable must support the required mode.
MON-007,usb_c_pd_watts,90,DELL-P25HE,18,data/raw/dell/P2425HE_P2425E_P2725HE_user_guide.pdf,https://dl.dell.com/content/manual18972647-dell-p2725he-monitor-user-s-guide.pdf?language=en-us#page=18,direct_specification,assistant_checked_against_downloaded_manual,USB-C upstream supports video and up to 90 W PD. Host and cable must support the required mode.
MON-007,usb_c_downstream_charge_watts,15,DELL-P25HE,18,data/raw/dell/P2425HE_P2425E_P2725HE_user_guide.pdf,https://dl.dell.com/content/manual18972647-dell-p2725he-monitor-user-s-guide.pdf?language=en-us#page=18,derived_5_volts_times_3_amps,assistant_checked_against_downloaded_manual,USB-C upstream supports video and up to 90 W PD. Host and cable must support the required mode.
MON-007,video_inputs,"[""HDMI"", ""DisplayPort"", ""USB-C DP Alt Mode""]",DELL-P25HE,18,data/raw/dell/P2425HE_P2425E_P2725HE_user_guide.pdf,https://dl.dell.com/content/manual18972647-dell-p2725he-monitor-user-s-guide.pdf?language=en-us#page=18,direct_specification,assistant_checked_against_downloaded_manual,
MON-008,model,"""P2425E""",DELL-P25HE,1,data/raw/dell/P2425HE_P2425E_P2725HE_user_guide.pdf,https://dl.dell.com/content/manual18972647-dell-p2725he-monitor-user-s-guide.pdf?language=en-us#page=1,direct_specification,assistant_checked_against_downloaded_manual,
MON-008,screen_inches,24.07,DELL-P25HE,19,data/raw/dell/P2425HE_P2425E_P2725HE_user_guide.pdf,https://dl.dell.com/content/manual18972647-dell-p2725he-monitor-user-s-guide.pdf?language=en-us#page=19,direct_specification,assistant_checked_against_downloaded_manual,
MON-008,resolution,"""1920x1200""",DELL-P25HE,23,data/raw/dell/P2425HE_P2425E_P2725HE_user_guide.pdf,https://dl.dell.com/content/manual18972647-dell-p2725he-monitor-user-s-guide.pdf?language=en-us#page=23,direct_specification,assistant_checked_against_downloaded_manual,
MON-008,max_refresh_hz,100,DELL-P25HE,23,data/raw/dell/P2425HE_P2425E_P2725HE_user_guide.pdf,https://dl.dell.com/content/manual18972647-dell-p2725he-monitor-user-s-guide.pdf?language=en-us#page=23,direct_specification,assistant_checked_against_downloaded_manual,"16:10 USB-C model, distinct from the FHD P2425HE. Up to 90 W host power."
MON-008,usb_c_video,true,DELL-P25HE,20,data/raw/dell/P2425HE_P2425E_P2725HE_user_guide.pdf,https://dl.dell.com/content/manual18972647-dell-p2725he-monitor-user-s-guide.pdf?language=en-us#page=20,direct_specification,assistant_checked_against_downloaded_manual,"16:10 USB-C model, distinct from the FHD P2425HE. Up to 90 W host power."
MON-008,usb_c_pd_watts,90,DELL-P25HE,20,data/raw/dell/P2425HE_P2425E_P2725HE_user_guide.pdf,https://dl.dell.com/content/manual18972647-dell-p2725he-monitor-user-s-guide.pdf?language=en-us#page=20,direct_specification,assistant_checked_against_downloaded_manual,"16:10 USB-C model, distinct from the FHD P2425HE. Up to 90 W host power."
MON-008,usb_c_downstream_charge_watts,15,DELL-P25HE,20,data/raw/dell/P2425HE_P2425E_P2725HE_user_guide.pdf,https://dl.dell.com/content/manual18972647-dell-p2725he-monitor-user-s-guide.pdf?language=en-us#page=20,derived_5_volts_times_3_amps,assistant_checked_against_downloaded_manual,"16:10 USB-C model, distinct from the FHD P2425HE. Up to 90 W host power."
MON-008,video_inputs,"[""HDMI"", ""DisplayPort"", ""USB-C DP Alt Mode""]",DELL-P25HE,20,data/raw/dell/P2425HE_P2425E_P2725HE_user_guide.pdf,https://dl.dell.com/content/manual18972647-dell-p2725he-monitor-user-s-guide.pdf?language=en-us#page=20,direct_specification,assistant_checked_against_downloaded_manual,
MON-009,model,"""P2725HE""",DELL-P25HE,1,data/raw/dell/P2425HE_P2425E_P2725HE_user_guide.pdf,https://dl.dell.com/content/manual18972647-dell-p2725he-monitor-user-s-guide.pdf?language=en-us#page=1,direct_specification,assistant_checked_against_downloaded_manual,
MON-009,screen_inches,27,DELL-P25HE,21,data/raw/dell/P2425HE_P2425E_P2725HE_user_guide.pdf,https://dl.dell.com/content/manual18972647-dell-p2725he-monitor-user-s-guide.pdf?language=en-us#page=21,direct_specification,assistant_checked_against_downloaded_manual,
MON-009,resolution,"""1920x1080""",DELL-P25HE,23,data/raw/dell/P2425HE_P2425E_P2725HE_user_guide.pdf,https://dl.dell.com/content/manual18972647-dell-p2725he-monitor-user-s-guide.pdf?language=en-us#page=23,direct_specification,assistant_checked_against_downloaded_manual,
MON-009,max_refresh_hz,100,DELL-P25HE,23,data/raw/dell/P2425HE_P2425E_P2725HE_user_guide.pdf,https://dl.dell.com/content/manual18972647-dell-p2725he-monitor-user-s-guide.pdf?language=en-us#page=23,direct_specification,assistant_checked_against_downloaded_manual,27-inch FHD USB-C hub model; up to 90 W host power.
MON-009,usb_c_video,true,DELL-P25HE,22,data/raw/dell/P2425HE_P2425E_P2725HE_user_guide.pdf,https://dl.dell.com/content/manual18972647-dell-p2725he-monitor-user-s-guide.pdf?language=en-us#page=22,direct_specification,assistant_checked_against_downloaded_manual,27-inch FHD USB-C hub model; up to 90 W host power.
MON-009,usb_c_pd_watts,90,DELL-P25HE,22,data/raw/dell/P2425HE_P2425E_P2725HE_user_guide.pdf,https://dl.dell.com/content/manual18972647-dell-p2725he-monitor-user-s-guide.pdf?language=en-us#page=22,direct_specification,assistant_checked_against_downloaded_manual,27-inch FHD USB-C hub model; up to 90 W host power.
MON-009,usb_c_downstream_charge_watts,15,DELL-P25HE,22,data/raw/dell/P2425HE_P2425E_P2725HE_user_guide.pdf,https://dl.dell.com/content/manual18972647-dell-p2725he-monitor-user-s-guide.pdf?language=en-us#page=22,derived_5_volts_times_3_amps,assistant_checked_against_downloaded_manual,27-inch FHD USB-C hub model; up to 90 W host power.
MON-009,video_inputs,"[""HDMI"", ""DisplayPort"", ""USB-C DP Alt Mode""]",DELL-P25HE,22,data/raw/dell/P2425HE_P2425E_P2725HE_user_guide.pdf,https://dl.dell.com/content/manual18972647-dell-p2725he-monitor-user-s-guide.pdf?language=en-us#page=22,direct_specification,assistant_checked_against_downloaded_manual,
MON-010,model,"""U2724D""",DELL-U2724D,1,data/raw/dell/U2724D_user_guide.pdf,https://dl.dell.com/content/manual17047281-dell-ultrasharp-27-monitor-u2724d-user-s-guide.pdf?language=en-us#page=1,direct_specification,assistant_checked_against_downloaded_manual,
MON-010,screen_inches,27,DELL-U2724D,16,data/raw/dell/U2724D_user_guide.pdf,https://dl.dell.com/content/manual17047281-dell-ultrasharp-27-monitor-u2724d-user-s-guide.pdf?language=en-us#page=16,direct_specification,assistant_checked_against_downloaded_manual,
MON-010,resolution,"""2560x1440""",DELL-U2724D,18,data/raw/dell/U2724D_user_guide.pdf,https://dl.dell.com/content/manual17047281-dell-ultrasharp-27-monitor-u2724d-user-s-guide.pdf?language=en-us#page=18,direct_specification,assistant_checked_against_downloaded_manual,
MON-010,max_refresh_hz,120,DELL-U2724D,18,data/raw/dell/U2724D_user_guide.pdf,https://dl.dell.com/content/manual17047281-dell-ultrasharp-27-monitor-u2724d-user-s-guide.pdf?language=en-us#page=18,direct_specification,assistant_checked_against_downloaded_manual,USB-C upstream is explicitly data only. The 15 W USB-C downstream port is not video input. Do not confuse with U2724DE.
MON-010,usb_c_video,false,DELL-U2724D,17,data/raw/dell/U2724D_user_guide.pdf,https://dl.dell.com/content/manual17047281-dell-ultrasharp-27-monitor-u2724d-user-s-guide.pdf?language=en-us#page=17,normalized_from_exhaustive_connectivity_list_and_port_direction,assistant_checked_against_downloaded_manual,USB-C upstream is explicitly data only. The 15 W USB-C downstream port is not video input. Do not confuse with U2724DE.
MON-010,usb_c_pd_watts,0,DELL-U2724D,17,data/raw/dell/U2724D_user_guide.pdf,https://dl.dell.com/content/manual17047281-dell-ultrasharp-27-monitor-u2724d-user-s-guide.pdf?language=en-us#page=17,normalized_from_exhaustive_connectivity_list_and_port_direction,assistant_checked_against_downloaded_manual,USB-C upstream is explicitly data only. The 15 W USB-C downstream port is not video input. Do not confuse with U2724DE.
MON-010,usb_c_downstream_charge_watts,15,DELL-U2724D,17,data/raw/dell/U2724D_user_guide.pdf,https://dl.dell.com/content/manual17047281-dell-ultrasharp-27-monitor-u2724d-user-s-guide.pdf?language=en-us#page=17,direct_specification,assistant_checked_against_downloaded_manual,USB-C upstream is explicitly data only. The 15 W USB-C downstream port is not video input. Do not confuse with U2724DE.
MON-010,video_inputs,"[""HDMI"", ""DisplayPort""]",DELL-U2724D,17,data/raw/dell/U2724D_user_guide.pdf,https://dl.dell.com/content/manual17047281-dell-ultrasharp-27-monitor-u2724d-user-s-guide.pdf?language=en-us#page=17,direct_specification,assistant_checked_against_downloaded_manual,
MON-011,model,"""U2724DE""",DELL-U2724DE,1,data/raw/dell/U2724DE_user_guide.pdf,https://dl.dell.com/content/manual17050394-dell-ultrasharp-27-thunderbolt-hub-monitor-u2724de-user-s-guide.pdf?language=en-us#page=1,direct_specification,assistant_checked_against_downloaded_manual,
MON-011,screen_inches,27,DELL-U2724DE,17,data/raw/dell/U2724DE_user_guide.pdf,https://dl.dell.com/content/manual17050394-dell-ultrasharp-27-thunderbolt-hub-monitor-u2724de-user-s-guide.pdf?language=en-us#page=17,direct_specification,assistant_checked_against_downloaded_manual,
MON-011,resolution,"""2560x1440""",DELL-U2724DE,19,data/raw/dell/U2724DE_user_guide.pdf,https://dl.dell.com/content/manual17050394-dell-ultrasharp-27-thunderbolt-hub-monitor-u2724de-user-s-guide.pdf?language=en-us#page=19,direct_specification,assistant_checked_against_downloaded_manual,
MON-011,max_refresh_hz,120,DELL-U2724DE,19,data/raw/dell/U2724DE_user_guide.pdf,https://dl.dell.com/content/manual17050394-dell-ultrasharp-27-thunderbolt-hub-monitor-u2724de-user-s-guide.pdf?language=en-us#page=19,direct_specification,assistant_checked_against_downloaded_manual,Use the Thunderbolt 4 upstream connector for video and up to 90 W PD. A separate USB-C upstream connector is data only.
MON-011,usb_c_video,true,DELL-U2724DE,18,data/raw/dell/U2724DE_user_guide.pdf,https://dl.dell.com/content/manual17050394-dell-ultrasharp-27-thunderbolt-hub-monitor-u2724de-user-s-guide.pdf?language=en-us#page=18,direct_specification,assistant_checked_against_downloaded_manual,Use the Thunderbolt 4 upstream connector for video and up to 90 W PD. A separate USB-C upstream connector is data only.
MON-011,usb_c_pd_watts,90,DELL-U2724DE,18,data/raw/dell/U2724DE_user_guide.pdf,https://dl.dell.com/content/manual17050394-dell-ultrasharp-27-thunderbolt-hub-monitor-u2724de-user-s-guide.pdf?language=en-us#page=18,direct_specification,assistant_checked_against_downloaded_manual,Use the Thunderbolt 4 upstream connector for video and up to 90 W PD. A separate USB-C upstream connector is data only.
MON-011,usb_c_downstream_charge_watts,15,DELL-U2724DE,18,data/raw/dell/U2724DE_user_guide.pdf,https://dl.dell.com/content/manual17050394-dell-ultrasharp-27-thunderbolt-hub-monitor-u2724de-user-s-guide.pdf?language=en-us#page=18,direct_specification,assistant_checked_against_downloaded_manual,Use the Thunderbolt 4 upstream connector for video and up to 90 W PD. A separate USB-C upstream connector is data only.
MON-011,video_inputs,"[""HDMI"", ""DisplayPort"", ""Thunderbolt 4 / USB-C DP Alt Mode""]",DELL-U2724DE,18,data/raw/dell/U2724DE_user_guide.pdf,https://dl.dell.com/content/manual17050394-dell-ultrasharp-27-thunderbolt-hub-monitor-u2724de-user-s-guide.pdf?language=en-us#page=18,direct_specification,assistant_checked_against_downloaded_manual,
MON-012,model,"""S2725QC""",DELL-S2725QC,1,data/raw/dell/S2725QC_user_guide.pdf,https://dl.dell.com/content/manual22980564-dell-s-27-4k-usb-c-monitor-s2725qc-user-s-guide.pdf?language=en-us#page=1,direct_specification,assistant_checked_against_downloaded_manual,
MON-012,screen_inches,27,DELL-S2725QC,14,data/raw/dell/S2725QC_user_guide.pdf,https://dl.dell.com/content/manual22980564-dell-s-27-4k-usb-c-monitor-s2725qc-user-s-guide.pdf?language=en-us#page=14,direct_specification,assistant_checked_against_downloaded_manual,
MON-012,resolution,"""3840x2160""",DELL-S2725QC,15,data/raw/dell/S2725QC_user_guide.pdf,https://dl.dell.com/content/manual22980564-dell-s-27-4k-usb-c-monitor-s2725qc-user-s-guide.pdf?language=en-us#page=15,direct_specification,assistant_checked_against_downloaded_manual,
MON-012,max_refresh_hz,120,DELL-S2725QC,15,data/raw/dell/S2725QC_user_guide.pdf,https://dl.dell.com/content/manual22980564-dell-s-27-4k-usb-c-monitor-s2725qc-user-s-guide.pdf?language=en-us#page=15,direct_specification,assistant_checked_against_downloaded_manual,4K USB-C model with up to 65 W host PD. A 100 W rated cable does not mean the monitor provides 100 W.
MON-012,usb_c_video,true,DELL-S2725QC,14,data/raw/dell/S2725QC_user_guide.pdf,https://dl.dell.com/content/manual22980564-dell-s-27-4k-usb-c-monitor-s2725qc-user-s-guide.pdf?language=en-us#page=14,direct_specification,assistant_checked_against_downloaded_manual,4K USB-C model with up to 65 W host PD. A 100 W rated cable does not mean the monitor provides 100 W.
MON-012,usb_c_pd_watts,65,DELL-S2725QC,14,data/raw/dell/S2725QC_user_guide.pdf,https://dl.dell.com/content/manual22980564-dell-s-27-4k-usb-c-monitor-s2725qc-user-s-guide.pdf?language=en-us#page=14,direct_specification,assistant_checked_against_downloaded_manual,4K USB-C model with up to 65 W host PD. A 100 W rated cable does not mean the monitor provides 100 W.
MON-012,usb_c_downstream_charge_watts,15,DELL-S2725QC,14,data/raw/dell/S2725QC_user_guide.pdf,https://dl.dell.com/content/manual22980564-dell-s-27-4k-usb-c-monitor-s2725qc-user-s-guide.pdf?language=en-us#page=14,direct_specification,assistant_checked_against_downloaded_manual,4K USB-C model with up to 65 W host PD. A 100 W rated cable does not mean the monitor provides 100 W.
MON-012,video_inputs,"[""HDMI"", ""USB-C DP Alt Mode""]",DELL-S2725QC,14,data/raw/dell/S2725QC_user_guide.pdf,https://dl.dell.com/content/manual22980564-dell-s-27-4k-usb-c-monitor-s2725qc-user-s-guide.pdf?language=en-us#page=14,direct_specification,assistant_checked_against_downloaded_manual,
MON-L013,model,"""P40WD-40""",LENOVO-P40WD-40,1,data/raw/lenovo/LENOVO-P40WD-40.pdf,https://psref.lenovo.com/syspool/Sys/PDF/ThinkVision/ThinkVision_P40WD_40_Monitor/ThinkVision_P40WD_40_Monitor_Spec.PDF#page=1,direct_specification,automated_extraction_checked_by_invariants,
MON-L013,screen_inches,39.7,LENOVO-P40WD-40,2,data/raw/lenovo/LENOVO-P40WD-40.pdf,https://psref.lenovo.com/syspool/Sys/PDF/ThinkVision/ThinkVision_P40WD_40_Monitor/ThinkVision_P40WD_40_Monitor_Spec.PDF#page=2,direct_specification,automated_extraction_checked_by_invariants,
MON-L013,resolution,"""5120x2160""",LENOVO-P40WD-40,2,data/raw/lenovo/LENOVO-P40WD-40.pdf,https://psref.lenovo.com/syspool/Sys/PDF/ThinkVision/ThinkVision_P40WD_40_Monitor/ThinkVision_P40WD_40_Monitor_Spec.PDF#page=2,direct_specification,automated_extraction_checked_by_invariants,
MON-L013,max_refresh_hz,120,LENOVO-P40WD-40,2,data/raw/lenovo/LENOVO-P40WD-40.pdf,https://psref.lenovo.com/syspool/Sys/PDF/ThinkVision/ThinkVision_P40WD_40_Monitor/ThinkVision_P40WD_40_Monitor_Spec.PDF#page=2,direct_specification,automated_extraction_checked_by_invariants,Official Lenovo PSREF: 39.7-inch 5120x2160 at up to 120 Hz. USB-C video input; host power delivery up to 140 W.
MON-L013,usb_c_video,true,LENOVO-P40WD-40,4,data/raw/lenovo/LENOVO-P40WD-40.pdf,https://psref.lenovo.com/syspool/Sys/PDF/ThinkVision/ThinkVision_P40WD_40_Monitor/ThinkVision_P40WD_40_Monitor_Spec.PDF#page=4,direct_specification,automated_extraction_checked_by_invariants,Official Lenovo PSREF: 39.7-inch 5120x2160 at up to 120 Hz. USB-C video input; host power delivery up to 140 W.
MON-L013,usb_c_pd_watts,140,LENOVO-P40WD-40,4,data/raw/lenovo/LENOVO-P40WD-40.pdf,https://psref.lenovo.com/syspool/Sys/PDF/ThinkVision/ThinkVision_P40WD_40_Monitor/ThinkVision_P40WD_40_Monitor_Spec.PDF#page=4,direct_specification,automated_extraction_checked_by_invariants,Official Lenovo PSREF: 39.7-inch 5120x2160 at up to 120 Hz. USB-C video input; host power delivery up to 140 W.
MON-L013,usb_c_downstream_charge_watts,15,LENOVO-P40WD-40,4,data/raw/lenovo/LENOVO-P40WD-40.pdf,https://psref.lenovo.com/syspool/Sys/PDF/ThinkVision/ThinkVision_P40WD_40_Monitor/ThinkVision_P40WD_40_Monitor_Spec.PDF#page=4,direct_specification,automated_extraction_checked_by_invariants,Official Lenovo PSREF: 39.7-inch 5120x2160 at up to 120 Hz. USB-C video input; host power delivery up to 140 W.
MON-L013,video_inputs,"[""HDMI"", ""DisplayPort"", ""Thunderbolt / USB-C DP Alt Mode""]",LENOVO-P40WD-40,4,data/raw/lenovo/LENOVO-P40WD-40.pdf,https://psref.lenovo.com/syspool/Sys/PDF/ThinkVision/ThinkVision_P40WD_40_Monitor/ThinkVision_P40WD_40_Monitor_Spec.PDF#page=4,direct_specification,automated_extraction_checked_by_invariants,
MON-L014,model,"""L24-45""",LENOVO-L24-45,1,data/raw/lenovo/LENOVO-L24-45.pdf,https://psref.lenovo.com/syspool/Sys/PDF/Lenovo_Monitors/Lenovo_L24_45_Monitor/Lenovo_L24_45_Monitor_Spec.PDF#page=1,direct_specification,automated_extraction_checked_by_invariants,
MON-L014,screen_inches,23.8,LENOVO-L24-45,2,data/raw/lenovo/LENOVO-L24-45.pdf,https://psref.lenovo.com/syspool/Sys/PDF/Lenovo_Monitors/Lenovo_L24_45_Monitor/Lenovo_L24_45_Monitor_Spec.PDF#page=2,direct_specification,automated_extraction_checked_by_invariants,
MON-L014,resolution,"""1920x1080""",LENOVO-L24-45,2,data/raw/lenovo/LENOVO-L24-45.pdf,https://psref.lenovo.com/syspool/Sys/PDF/Lenovo_Monitors/Lenovo_L24_45_Monitor/Lenovo_L24_45_Monitor_Spec.PDF#page=2,direct_specification,automated_extraction_checked_by_invariants,
MON-L014,max_refresh_hz,144,LENOVO-L24-45,2,data/raw/lenovo/LENOVO-L24-45.pdf,https://psref.lenovo.com/syspool/Sys/PDF/Lenovo_Monitors/Lenovo_L24_45_Monitor/Lenovo_L24_45_Monitor_Spec.PDF#page=2,direct_specification,automated_extraction_checked_by_invariants,Official Lenovo PSREF: 23.8-inch 1920x1080 at up to 144 Hz. No USB-C video input is listed.
MON-L014,usb_c_video,false,LENOVO-L24-45,4,data/raw/lenovo/LENOVO-L24-45.pdf,https://psref.lenovo.com/syspool/Sys/PDF/Lenovo_Monitors/Lenovo_L24_45_Monitor/Lenovo_L24_45_Monitor_Spec.PDF#page=4,normalized_from_exhaustive_connectivity_list_and_port_direction,automated_extraction_checked_by_invariants,Official Lenovo PSREF: 23.8-inch 1920x1080 at up to 144 Hz. No USB-C video input is listed.
MON-L014,usb_c_pd_watts,0,LENOVO-L24-45,4,data/raw/lenovo/LENOVO-L24-45.pdf,https://psref.lenovo.com/syspool/Sys/PDF/Lenovo_Monitors/Lenovo_L24_45_Monitor/Lenovo_L24_45_Monitor_Spec.PDF#page=4,normalized_from_exhaustive_connectivity_list_and_port_direction,automated_extraction_checked_by_invariants,Official Lenovo PSREF: 23.8-inch 1920x1080 at up to 144 Hz. No USB-C video input is listed.
MON-L014,usb_c_downstream_charge_watts,0,LENOVO-L24-45,4,data/raw/lenovo/LENOVO-L24-45.pdf,https://psref.lenovo.com/syspool/Sys/PDF/Lenovo_Monitors/Lenovo_L24_45_Monitor/Lenovo_L24_45_Monitor_Spec.PDF#page=4,no_usb_connector_in_connectivity_list,automated_extraction_checked_by_invariants,Official Lenovo PSREF: 23.8-inch 1920x1080 at up to 144 Hz. No USB-C video input is listed.
MON-L014,video_inputs,"[""HDMI"", ""VGA""]",LENOVO-L24-45,4,data/raw/lenovo/LENOVO-L24-45.pdf,https://psref.lenovo.com/syspool/Sys/PDF/Lenovo_Monitors/Lenovo_L24_45_Monitor/Lenovo_L24_45_Monitor_Spec.PDF#page=4,direct_specification,automated_extraction_checked_by_invariants,
MON-L015,model,"""L27-45""",LENOVO-L27-45,1,data/raw/lenovo/LENOVO-L27-45.pdf,https://psref.lenovo.com/syspool/Sys/PDF/Lenovo_Monitors/Lenovo_L27_45_Monitor/Lenovo_L27_45_Monitor_Spec.PDF#page=1,direct_specification,automated_extraction_checked_by_invariants,
MON-L015,screen_inches,27.0,LENOVO-L27-45,2,data/raw/lenovo/LENOVO-L27-45.pdf,https://psref.lenovo.com/syspool/Sys/PDF/Lenovo_Monitors/Lenovo_L27_45_Monitor/Lenovo_L27_45_Monitor_Spec.PDF#page=2,direct_specification,automated_extraction_checked_by_invariants,
MON-L015,resolution,"""1920x1080""",LENOVO-L27-45,2,data/raw/lenovo/LENOVO-L27-45.pdf,https://psref.lenovo.com/syspool/Sys/PDF/Lenovo_Monitors/Lenovo_L27_45_Monitor/Lenovo_L27_45_Monitor_Spec.PDF#page=2,direct_specification,automated_extraction_checked_by_invariants,
MON-L015,max_refresh_hz,144,LENOVO-L27-45,2,data/raw/lenovo/LENOVO-L27-45.pdf,https://psref.lenovo.com/syspool/Sys/PDF/Lenovo_Monitors/Lenovo_L27_45_Monitor/Lenovo_L27_45_Monitor_Spec.PDF#page=2,direct_specification,automated_extraction_checked_by_invariants,Official Lenovo PSREF: 27-inch 1920x1080 at up to 144 Hz. No USB-C video input is listed.
MON-L015,usb_c_video,false,LENOVO-L27-45,4,data/raw/lenovo/LENOVO-L27-45.pdf,https://psref.lenovo.com/syspool/Sys/PDF/Lenovo_Monitors/Lenovo_L27_45_Monitor/Lenovo_L27_45_Monitor_Spec.PDF#page=4,normalized_from_exhaustive_connectivity_list_and_port_direction,automated_extraction_checked_by_invariants,Official Lenovo PSREF: 27-inch 1920x1080 at up to 144 Hz. No USB-C video input is listed.
MON-L015,usb_c_pd_watts,0,LENOVO-L27-45,4,data/raw/lenovo/LENOVO-L27-45.pdf,https://psref.lenovo.com/syspool/Sys/PDF/Lenovo_Monitors/Lenovo_L27_45_Monitor/Lenovo_L27_45_Monitor_Spec.PDF#page=4,normalized_from_exhaustive_connectivity_list_and_port_direction,automated_extraction_checked_by_invariants,Official Lenovo PSREF: 27-inch 1920x1080 at up to 144 Hz. No USB-C video input is listed.
MON-L015,usb_c_downstream_charge_watts,0,LENOVO-L27-45,4,data/raw/lenovo/LENOVO-L27-45.pdf,https://psref.lenovo.com/syspool/Sys/PDF/Lenovo_Monitors/Lenovo_L27_45_Monitor/Lenovo_L27_45_Monitor_Spec.PDF#page=4,no_usb_connector_in_connectivity_list,automated_extraction_checked_by_invariants,Official Lenovo PSREF: 27-inch 1920x1080 at up to 144 Hz. No USB-C video input is listed.
MON-L015,video_inputs,"[""HDMI"", ""VGA""]",LENOVO-L27-45,4,data/raw/lenovo/LENOVO-L27-45.pdf,https://psref.lenovo.com/syspool/Sys/PDF/Lenovo_Monitors/Lenovo_L27_45_Monitor/Lenovo_L27_45_Monitor_Spec.PDF#page=4,direct_specification,automated_extraction_checked_by_invariants,
MON-L016,model,"""L27-4C""",LENOVO-L27-4C,1,data/raw/lenovo/LENOVO-L27-4C.pdf,https://psref.lenovo.com/syspool/Sys/PDF/Lenovo_Monitors/Lenovo_L27_4C_Monitor/Lenovo_L27_4C_Monitor_Spec.PDF#page=1,direct_specification,automated_extraction_checked_by_invariants,
MON-L016,screen_inches,27.0,LENOVO-L27-4C,2,data/raw/lenovo/LENOVO-L27-4C.pdf,https://psref.lenovo.com/syspool/Sys/PDF/Lenovo_Monitors/Lenovo_L27_4C_Monitor/Lenovo_L27_4C_Monitor_Spec.PDF#page=2,direct_specification,automated_extraction_checked_by_invariants,
MON-L016,resolution,"""1920x1080""",LENOVO-L27-4C,2,data/raw/lenovo/LENOVO-L27-4C.pdf,https://psref.lenovo.com/syspool/Sys/PDF/Lenovo_Monitors/Lenovo_L27_4C_Monitor/Lenovo_L27_4C_Monitor_Spec.PDF#page=2,direct_specification,automated_extraction_checked_by_invariants,
MON-L016,max_refresh_hz,144,LENOVO-L27-4C,2,data/raw/lenovo/LENOVO-L27-4C.pdf,https://psref.lenovo.com/syspool/Sys/PDF/Lenovo_Monitors/Lenovo_L27_4C_Monitor/Lenovo_L27_4C_Monitor_Spec.PDF#page=2,direct_specification,automated_extraction_checked_by_invariants,Official Lenovo PSREF: 27-inch 1920x1080 at up to 144 Hz. No USB-C video input is listed.
MON-L016,usb_c_video,false,LENOVO-L27-4C,4,data/raw/lenovo/LENOVO-L27-4C.pdf,https://psref.lenovo.com/syspool/Sys/PDF/Lenovo_Monitors/Lenovo_L27_4C_Monitor/Lenovo_L27_4C_Monitor_Spec.PDF#page=4,normalized_from_exhaustive_connectivity_list_and_port_direction,automated_extraction_checked_by_invariants,Official Lenovo PSREF: 27-inch 1920x1080 at up to 144 Hz. No USB-C video input is listed.
MON-L016,usb_c_pd_watts,0,LENOVO-L27-4C,4,data/raw/lenovo/LENOVO-L27-4C.pdf,https://psref.lenovo.com/syspool/Sys/PDF/Lenovo_Monitors/Lenovo_L27_4C_Monitor/Lenovo_L27_4C_Monitor_Spec.PDF#page=4,normalized_from_exhaustive_connectivity_list_and_port_direction,automated_extraction_checked_by_invariants,Official Lenovo PSREF: 27-inch 1920x1080 at up to 144 Hz. No USB-C video input is listed.
MON-L016,usb_c_downstream_charge_watts,0,LENOVO-L27-4C,4,data/raw/lenovo/LENOVO-L27-4C.pdf,https://psref.lenovo.com/syspool/Sys/PDF/Lenovo_Monitors/Lenovo_L27_4C_Monitor/Lenovo_L27_4C_Monitor_Spec.PDF#page=4,no_usb_connector_in_connectivity_list,automated_extraction_checked_by_invariants,Official Lenovo PSREF: 27-inch 1920x1080 at up to 144 Hz. No USB-C video input is listed.
MON-L016,video_inputs,"[""HDMI"", ""VGA""]",LENOVO-L27-4C,4,data/raw/lenovo/LENOVO-L27-4C.pdf,https://psref.lenovo.com/syspool/Sys/PDF/Lenovo_Monitors/Lenovo_L27_4C_Monitor/Lenovo_L27_4C_Monitor_Spec.PDF#page=4,direct_specification,automated_extraction_checked_by_invariants,
MON-L017,model,"""L24-4C""",LENOVO-L24-4C,1,data/raw/lenovo/LENOVO-L24-4C.pdf,https://psref.lenovo.com/syspool/Sys/PDF/Lenovo_Monitors/Lenovo_L24_4C_Monitor/Lenovo_L24_4C_Monitor_Spec.PDF#page=1,direct_specification,automated_extraction_checked_by_invariants,
MON-L017,screen_inches,23.8,LENOVO-L24-4C,2,data/raw/lenovo/LENOVO-L24-4C.pdf,https://psref.lenovo.com/syspool/Sys/PDF/Lenovo_Monitors/Lenovo_L24_4C_Monitor/Lenovo_L24_4C_Monitor_Spec.PDF#page=2,direct_specification,automated_extraction_checked_by_invariants,
MON-L017,resolution,"""1920x1080""",LENOVO-L24-4C,2,data/raw/lenovo/LENOVO-L24-4C.pdf,https://psref.lenovo.com/syspool/Sys/PDF/Lenovo_Monitors/Lenovo_L24_4C_Monitor/Lenovo_L24_4C_Monitor_Spec.PDF#page=2,direct_specification,automated_extraction_checked_by_invariants,
MON-L017,max_refresh_hz,144,LENOVO-L24-4C,2,data/raw/lenovo/LENOVO-L24-4C.pdf,https://psref.lenovo.com/syspool/Sys/PDF/Lenovo_Monitors/Lenovo_L24_4C_Monitor/Lenovo_L24_4C_Monitor_Spec.PDF#page=2,direct_specification,automated_extraction_checked_by_invariants,Official Lenovo PSREF: 23.8-inch 1920x1080 at up to 144 Hz. No USB-C video input is listed.
MON-L017,usb_c_video,false,LENOVO-L24-4C,4,data/raw/lenovo/LENOVO-L24-4C.pdf,https://psref.lenovo.com/syspool/Sys/PDF/Lenovo_Monitors/Lenovo_L24_4C_Monitor/Lenovo_L24_4C_Monitor_Spec.PDF#page=4,normalized_from_exhaustive_connectivity_list_and_port_direction,automated_extraction_checked_by_invariants,Official Lenovo PSREF: 23.8-inch 1920x1080 at up to 144 Hz. No USB-C video input is listed.
MON-L017,usb_c_pd_watts,0,LENOVO-L24-4C,4,data/raw/lenovo/LENOVO-L24-4C.pdf,https://psref.lenovo.com/syspool/Sys/PDF/Lenovo_Monitors/Lenovo_L24_4C_Monitor/Lenovo_L24_4C_Monitor_Spec.PDF#page=4,normalized_from_exhaustive_connectivity_list_and_port_direction,automated_extraction_checked_by_invariants,Official Lenovo PSREF: 23.8-inch 1920x1080 at up to 144 Hz. No USB-C video input is listed.
MON-L017,usb_c_downstream_charge_watts,0,LENOVO-L24-4C,4,data/raw/lenovo/LENOVO-L24-4C.pdf,https://psref.lenovo.com/syspool/Sys/PDF/Lenovo_Monitors/Lenovo_L24_4C_Monitor/Lenovo_L24_4C_Monitor_Spec.PDF#page=4,no_usb_connector_in_connectivity_list,automated_extraction_checked_by_invariants,Official Lenovo PSREF: 23.8-inch 1920x1080 at up to 144 Hz. No USB-C video input is listed.
MON-L017,video_inputs,"[""HDMI"", ""VGA""]",LENOVO-L24-4C,4,data/raw/lenovo/LENOVO-L24-4C.pdf,https://psref.lenovo.com/syspool/Sys/PDF/Lenovo_Monitors/Lenovo_L24_4C_Monitor/Lenovo_L24_4C_Monitor_Spec.PDF#page=4,direct_specification,automated_extraction_checked_by_invariants,
MON-L018,model,"""L24D-4C""",LENOVO-L24D-4C,1,data/raw/lenovo/LENOVO-L24D-4C.pdf,https://psref.lenovo.com/syspool/Sys/PDF/Lenovo_Monitors/Lenovo_L24D_4C_Monitor/Lenovo_L24D_4C_Monitor_Spec.PDF#page=1,direct_specification,automated_extraction_checked_by_invariants,
MON-L018,screen_inches,23.8,LENOVO-L24D-4C,2,data/raw/lenovo/LENOVO-L24D-4C.pdf,https://psref.lenovo.com/syspool/Sys/PDF/Lenovo_Monitors/Lenovo_L24D_4C_Monitor/Lenovo_L24D_4C_Monitor_Spec.PDF#page=2,direct_specification,automated_extraction_checked_by_invariants,
MON-L018,resolution,"""1920x1080""",LENOVO-L24D-4C,2,data/raw/lenovo/LENOVO-L24D-4C.pdf,https://psref.lenovo.com/syspool/Sys/PDF/Lenovo_Monitors/Lenovo_L24D_4C_Monitor/Lenovo_L24D_4C_Monitor_Spec.PDF#page=2,direct_specification,automated_extraction_checked_by_invariants,
MON-L018,max_refresh_hz,144,LENOVO-L24D-4C,2,data/raw/lenovo/LENOVO-L24D-4C.pdf,https://psref.lenovo.com/syspool/Sys/PDF/Lenovo_Monitors/Lenovo_L24D_4C_Monitor/Lenovo_L24D_4C_Monitor_Spec.PDF#page=2,direct_specification,automated_extraction_checked_by_invariants,Official Lenovo PSREF: 23.8-inch 1920x1080 at up to 144 Hz. USB-C video input; host power delivery up to 75 W.
MON-L018,usb_c_video,true,LENOVO-L24D-4C,4,data/raw/lenovo/LENOVO-L24D-4C.pdf,https://psref.lenovo.com/syspool/Sys/PDF/Lenovo_Monitors/Lenovo_L24D_4C_Monitor/Lenovo_L24D_4C_Monitor_Spec.PDF#page=4,direct_specification,automated_extraction_checked_by_invariants,Official Lenovo PSREF: 23.8-inch 1920x1080 at up to 144 Hz. USB-C video input; host power delivery up to 75 W.
MON-L018,usb_c_pd_watts,75,LENOVO-L24D-4C,4,data/raw/lenovo/LENOVO-L24D-4C.pdf,https://psref.lenovo.com/syspool/Sys/PDF/Lenovo_Monitors/Lenovo_L24D_4C_Monitor/Lenovo_L24D_4C_Monitor_Spec.PDF#page=4,direct_specification,automated_extraction_checked_by_invariants,Official Lenovo PSREF: 23.8-inch 1920x1080 at up to 144 Hz. USB-C video input; host power delivery up to 75 W.
MON-L018,usb_c_downstream_charge_watts,0,LENOVO-L24D-4C,4,data/raw/lenovo/LENOVO-L24D-4C.pdf,https://psref.lenovo.com/syspool/Sys/PDF/Lenovo_Monitors/Lenovo_L24D_4C_Monitor/Lenovo_L24D_4C_Monitor_Spec.PDF#page=4,no_usb_connector_in_connectivity_list,automated_extraction_checked_by_invariants,Official Lenovo PSREF: 23.8-inch 1920x1080 at up to 144 Hz. USB-C video input; host power delivery up to 75 W.
MON-L018,video_inputs,"[""HDMI"", ""DisplayPort"", ""USB-C DP Alt Mode""]",LENOVO-L24D-4C,4,data/raw/lenovo/LENOVO-L24D-4C.pdf,https://psref.lenovo.com/syspool/Sys/PDF/Lenovo_Monitors/Lenovo_L24D_4C_Monitor/Lenovo_L24D_4C_Monitor_Spec.PDF#page=4,direct_specification,automated_extraction_checked_by_invariants,
MON-L019,model,"""P32UD-40""",LENOVO-P32UD-40,1,data/raw/lenovo/LENOVO-P32UD-40.pdf,https://psref.lenovo.com/syspool/Sys/PDF/ThinkVision/ThinkVision_P32UD_40_Monitor/ThinkVision_P32UD_40_Monitor_Spec.PDF#page=1,direct_specification,automated_extraction_checked_by_invariants,
MON-L019,screen_inches,31.5,LENOVO-P32UD-40,2,data/raw/lenovo/LENOVO-P32UD-40.pdf,https://psref.lenovo.com/syspool/Sys/PDF/ThinkVision/ThinkVision_P32UD_40_Monitor/ThinkVision_P32UD_40_Monitor_Spec.PDF#page=2,direct_specification,automated_extraction_checked_by_invariants,
MON-L019,resolution,"""3840x2160""",LENOVO-P32UD-40,2,data/raw/lenovo/LENOVO-P32UD-40.pdf,https://psref.lenovo.com/syspool/Sys/PDF/ThinkVision/ThinkVision_P32UD_40_Monitor/ThinkVision_P32UD_40_Monitor_Spec.PDF#page=2,direct_specification,automated_extraction_checked_by_invariants,
MON-L019,max_refresh_hz,120,LENOVO-P32UD-40,2,data/raw/lenovo/LENOVO-P32UD-40.pdf,https://psref.lenovo.com/syspool/Sys/PDF/ThinkVision/ThinkVision_P32UD_40_Monitor/ThinkVision_P32UD_40_Monitor_Spec.PDF#page=2,direct_specification,automated_extraction_checked_by_invariants,Official Lenovo PSREF: 31.5-inch 3840x2160 at up to 120 Hz. USB-C video input; host power delivery up to 140 W.
MON-L019,usb_c_video,true,LENOVO-P32UD-40,4,data/raw/lenovo/LENOVO-P32UD-40.pdf,https://psref.lenovo.com/syspool/Sys/PDF/ThinkVision/ThinkVision_P32UD_40_Monitor/ThinkVision_P32UD_40_Monitor_Spec.PDF#page=4,direct_specification,automated_extraction_checked_by_invariants,Official Lenovo PSREF: 31.5-inch 3840x2160 at up to 120 Hz. USB-C video input; host power delivery up to 140 W.
MON-L019,usb_c_pd_watts,140,LENOVO-P32UD-40,4,data/raw/lenovo/LENOVO-P32UD-40.pdf,https://psref.lenovo.com/syspool/Sys/PDF/ThinkVision/ThinkVision_P32UD_40_Monitor/ThinkVision_P32UD_40_Monitor_Spec.PDF#page=4,direct_specification,automated_extraction_checked_by_invariants,Official Lenovo PSREF: 31.5-inch 3840x2160 at up to 120 Hz. USB-C video input; host power delivery up to 140 W.
MON-L019,usb_c_downstream_charge_watts,15,LENOVO-P32UD-40,4,data/raw/lenovo/LENOVO-P32UD-40.pdf,https://psref.lenovo.com/syspool/Sys/PDF/ThinkVision/ThinkVision_P32UD_40_Monitor/ThinkVision_P32UD_40_Monitor_Spec.PDF#page=4,direct_specification,automated_extraction_checked_by_invariants,Official Lenovo PSREF: 31.5-inch 3840x2160 at up to 120 Hz. USB-C video input; host power delivery up to 140 W.
MON-L019,video_inputs,"[""HDMI"", ""DisplayPort"", ""Thunderbolt / USB-C DP Alt Mode""]",LENOVO-P32UD-40,4,data/raw/lenovo/LENOVO-P32UD-40.pdf,https://psref.lenovo.com/syspool/Sys/PDF/ThinkVision/ThinkVision_P32UD_40_Monitor/ThinkVision_P32UD_40_Monitor_Spec.PDF#page=4,direct_specification,automated_extraction_checked_by_invariants,
MON-L020,model,"""T27QD-4v""",LENOVO-T27QD-4V,1,data/raw/lenovo/LENOVO-T27QD-4V.pdf,https://psref.lenovo.com/syspool/Sys/PDF/ThinkVision/ThinkVision_T27QD_4v_Monitor/ThinkVision_T27QD_4v_Monitor_Spec.PDF#page=1,direct_specification,automated_extraction_checked_by_invariants,
MON-L020,screen_inches,27.0,LENOVO-T27QD-4V,2,data/raw/lenovo/LENOVO-T27QD-4V.pdf,https://psref.lenovo.com/syspool/Sys/PDF/ThinkVision/ThinkVision_T27QD_4v_Monitor/ThinkVision_T27QD_4v_Monitor_Spec.PDF#page=2,direct_specification,automated_extraction_checked_by_invariants,
MON-L020,resolution,"""2560x1440""",LENOVO-T27QD-4V,2,data/raw/lenovo/LENOVO-T27QD-4V.pdf,https://psref.lenovo.com/syspool/Sys/PDF/ThinkVision/ThinkVision_T27QD_4v_Monitor/ThinkVision_T27QD_4v_Monitor_Spec.PDF#page=2,direct_specification,automated_extraction_checked_by_invariants,
MON-L020,max_refresh_hz,120,LENOVO-T27QD-4V,2,data/raw/lenovo/LENOVO-T27QD-4V.pdf,https://psref.lenovo.com/syspool/Sys/PDF/ThinkVision/ThinkVision_T27QD_4v_Monitor/ThinkVision_T27QD_4v_Monitor_Spec.PDF#page=2,direct_specification,automated_extraction_checked_by_invariants,Official Lenovo PSREF: 27-inch 2560x1440 at up to 120 Hz. USB-C video input; host power delivery up to 100 W.
MON-L020,usb_c_video,true,LENOVO-T27QD-4V,4,data/raw/lenovo/LENOVO-T27QD-4V.pdf,https://psref.lenovo.com/syspool/Sys/PDF/ThinkVision/ThinkVision_T27QD_4v_Monitor/ThinkVision_T27QD_4v_Monitor_Spec.PDF#page=4,direct_specification,automated_extraction_checked_by_invariants,Official Lenovo PSREF: 27-inch 2560x1440 at up to 120 Hz. USB-C video input; host power delivery up to 100 W.
MON-L020,usb_c_pd_watts,100,LENOVO-T27QD-4V,4,data/raw/lenovo/LENOVO-T27QD-4V.pdf,https://psref.lenovo.com/syspool/Sys/PDF/ThinkVision/ThinkVision_T27QD_4v_Monitor/ThinkVision_T27QD_4v_Monitor_Spec.PDF#page=4,direct_specification,automated_extraction_checked_by_invariants,Official Lenovo PSREF: 27-inch 2560x1440 at up to 120 Hz. USB-C video input; host power delivery up to 100 W.
MON-L020,usb_c_downstream_charge_watts,15,LENOVO-T27QD-4V,4,data/raw/lenovo/LENOVO-T27QD-4V.pdf,https://psref.lenovo.com/syspool/Sys/PDF/ThinkVision/ThinkVision_T27QD_4v_Monitor/ThinkVision_T27QD_4v_Monitor_Spec.PDF#page=4,direct_specification,automated_extraction_checked_by_invariants,Official Lenovo PSREF: 27-inch 2560x1440 at up to 120 Hz. USB-C video input; host power delivery up to 100 W.
MON-L020,video_inputs,"[""HDMI"", ""DisplayPort"", ""USB-C DP Alt Mode""]",LENOVO-T27QD-4V,4,data/raw/lenovo/LENOVO-T27QD-4V.pdf,https://psref.lenovo.com/syspool/Sys/PDF/ThinkVision/ThinkVision_T27QD_4v_Monitor/ThinkVision_T27QD_4v_Monitor_Spec.PDF#page=4,direct_specification,automated_extraction_checked_by_invariants,
MON-L021,model,"""T24D-4v""",LENOVO-T24D-4V,1,data/raw/lenovo/LENOVO-T24D-4V.pdf,https://psref.lenovo.com/syspool/Sys/PDF/ThinkVision/ThinkVision_T24D_4v_Monitor/ThinkVision_T24D_4v_Monitor_Spec.PDF#page=1,direct_specification,automated_extraction_checked_by_invariants,
MON-L021,screen_inches,23.8,LENOVO-T24D-4V,2,data/raw/lenovo/LENOVO-T24D-4V.pdf,https://psref.lenovo.com/syspool/Sys/PDF/ThinkVision/ThinkVision_T24D_4v_Monitor/ThinkVision_T24D_4v_Monitor_Spec.PDF#page=2,direct_specification,automated_extraction_checked_by_invariants,
MON-L021,resolution,"""1920x1080""",LENOVO-T24D-4V,2,data/raw/lenovo/LENOVO-T24D-4V.pdf,https://psref.lenovo.com/syspool/Sys/PDF/ThinkVision/ThinkVision_T24D_4v_Monitor/ThinkVision_T24D_4v_Monitor_Spec.PDF#page=2,direct_specification,automated_extraction_checked_by_invariants,
MON-L021,max_refresh_hz,120,LENOVO-T24D-4V,2,data/raw/lenovo/LENOVO-T24D-4V.pdf,https://psref.lenovo.com/syspool/Sys/PDF/ThinkVision/ThinkVision_T24D_4v_Monitor/ThinkVision_T24D_4v_Monitor_Spec.PDF#page=2,direct_specification,automated_extraction_checked_by_invariants,Official Lenovo PSREF: 23.8-inch 1920x1080 at up to 120 Hz. USB-C video input; host power delivery up to 100 W.
MON-L021,usb_c_video,true,LENOVO-T24D-4V,4,data/raw/lenovo/LENOVO-T24D-4V.pdf,https://psref.lenovo.com/syspool/Sys/PDF/ThinkVision/ThinkVision_T24D_4v_Monitor/ThinkVision_T24D_4v_Monitor_Spec.PDF#page=4,direct_specification,automated_extraction_checked_by_invariants,Official Lenovo PSREF: 23.8-inch 1920x1080 at up to 120 Hz. USB-C video input; host power delivery up to 100 W.
MON-L021,usb_c_pd_watts,100,LENOVO-T24D-4V,4,data/raw/lenovo/LENOVO-T24D-4V.pdf,https://psref.lenovo.com/syspool/Sys/PDF/ThinkVision/ThinkVision_T24D_4v_Monitor/ThinkVision_T24D_4v_Monitor_Spec.PDF#page=4,direct_specification,automated_extraction_checked_by_invariants,Official Lenovo PSREF: 23.8-inch 1920x1080 at up to 120 Hz. USB-C video input; host power delivery up to 100 W.
MON-L021,usb_c_downstream_charge_watts,15,LENOVO-T24D-4V,4,data/raw/lenovo/LENOVO-T24D-4V.pdf,https://psref.lenovo.com/syspool/Sys/PDF/ThinkVision/ThinkVision_T24D_4v_Monitor/ThinkVision_T24D_4v_Monitor_Spec.PDF#page=4,direct_specification,automated_extraction_checked_by_invariants,Official Lenovo PSREF: 23.8-inch 1920x1080 at up to 120 Hz. USB-C video input; host power delivery up to 100 W.
MON-L021,video_inputs,"[""HDMI"", ""DisplayPort"", ""USB-C DP Alt Mode""]",LENOVO-T24D-4V,4,data/raw/lenovo/LENOVO-T24D-4V.pdf,https://psref.lenovo.com/syspool/Sys/PDF/ThinkVision/ThinkVision_T24D_4v_Monitor/ThinkVision_T24D_4v_Monitor_Spec.PDF#page=4,direct_specification,automated_extraction_checked_by_invariants,
MON-L022,model,"""T24-4v""",LENOVO-T24-4V,1,data/raw/lenovo/LENOVO-T24-4V.pdf,https://psref.lenovo.com/syspool/Sys/PDF/ThinkVision/ThinkVision_T24_4v_Monitor/ThinkVision_T24_4v_Monitor_Spec.PDF#page=1,direct_specification,automated_extraction_checked_by_invariants,
MON-L022,screen_inches,23.8,LENOVO-T24-4V,2,data/raw/lenovo/LENOVO-T24-4V.pdf,https://psref.lenovo.com/syspool/Sys/PDF/ThinkVision/ThinkVision_T24_4v_Monitor/ThinkVision_T24_4v_Monitor_Spec.PDF#page=2,direct_specification,automated_extraction_checked_by_invariants,
MON-L022,resolution,"""1920x1080""",LENOVO-T24-4V,2,data/raw/lenovo/LENOVO-T24-4V.pdf,https://psref.lenovo.com/syspool/Sys/PDF/ThinkVision/ThinkVision_T24_4v_Monitor/ThinkVision_T24_4v_Monitor_Spec.PDF#page=2,direct_specification,automated_extraction_checked_by_invariants,
MON-L022,max_refresh_hz,120,LENOVO-T24-4V,2,data/raw/lenovo/LENOVO-T24-4V.pdf,https://psref.lenovo.com/syspool/Sys/PDF/ThinkVision/ThinkVision_T24_4v_Monitor/ThinkVision_T24_4v_Monitor_Spec.PDF#page=2,direct_specification,automated_extraction_checked_by_invariants,Official Lenovo PSREF: 23.8-inch 1920x1080 at up to 120 Hz. No USB-C video input is listed.
MON-L022,usb_c_video,false,LENOVO-T24-4V,4,data/raw/lenovo/LENOVO-T24-4V.pdf,https://psref.lenovo.com/syspool/Sys/PDF/ThinkVision/ThinkVision_T24_4v_Monitor/ThinkVision_T24_4v_Monitor_Spec.PDF#page=4,normalized_from_exhaustive_connectivity_list_and_port_direction,automated_extraction_checked_by_invariants,Official Lenovo PSREF: 23.8-inch 1920x1080 at up to 120 Hz. No USB-C video input is listed.
MON-L022,usb_c_pd_watts,0,LENOVO-T24-4V,4,data/raw/lenovo/LENOVO-T24-4V.pdf,https://psref.lenovo.com/syspool/Sys/PDF/ThinkVision/ThinkVision_T24_4v_Monitor/ThinkVision_T24_4v_Monitor_Spec.PDF#page=4,normalized_from_exhaustive_connectivity_list_and_port_direction,automated_extraction_checked_by_invariants,Official Lenovo PSREF: 23.8-inch 1920x1080 at up to 120 Hz. No USB-C video input is listed.
MON-L022,usb_c_downstream_charge_watts,0,LENOVO-T24-4V,4,data/raw/lenovo/LENOVO-T24-4V.pdf,https://psref.lenovo.com/syspool/Sys/PDF/ThinkVision/ThinkVision_T24_4v_Monitor/ThinkVision_T24_4v_Monitor_Spec.PDF#page=4,no_usb_connector_in_connectivity_list,automated_extraction_checked_by_invariants,Official Lenovo PSREF: 23.8-inch 1920x1080 at up to 120 Hz. No USB-C video input is listed.
MON-L022,video_inputs,"[""HDMI"", ""DisplayPort"", ""VGA""]",LENOVO-T24-4V,4,data/raw/lenovo/LENOVO-T24-4V.pdf,https://psref.lenovo.com/syspool/Sys/PDF/ThinkVision/ThinkVision_T24_4v_Monitor/ThinkVision_T24_4v_Monitor_Spec.PDF#page=4,direct_specification,automated_extraction_checked_by_invariants,
MON-L023,model,"""E22-40""",LENOVO-E22-40,1,data/raw/lenovo/LENOVO-E22-40.pdf,https://psref.lenovo.com/syspool/Sys/PDF/ThinkVision/ThinkVision_E22_40_Monitor/ThinkVision_E22_40_Monitor_Spec.PDF#page=1,direct_specification,automated_extraction_checked_by_invariants,
MON-L023,screen_inches,21.5,LENOVO-E22-40,2,data/raw/lenovo/LENOVO-E22-40.pdf,https://psref.lenovo.com/syspool/Sys/PDF/ThinkVision/ThinkVision_E22_40_Monitor/ThinkVision_E22_40_Monitor_Spec.PDF#page=2,direct_specification,automated_extraction_checked_by_invariants,
MON-L023,resolution,"""1920x1080""",LENOVO-E22-40,2,data/raw/lenovo/LENOVO-E22-40.pdf,https://psref.lenovo.com/syspool/Sys/PDF/ThinkVision/ThinkVision_E22_40_Monitor/ThinkVision_E22_40_Monitor_Spec.PDF#page=2,direct_specification,automated_extraction_checked_by_invariants,
MON-L023,max_refresh_hz,100,LENOVO-E22-40,2,data/raw/lenovo/LENOVO-E22-40.pdf,https://psref.lenovo.com/syspool/Sys/PDF/ThinkVision/ThinkVision_E22_40_Monitor/ThinkVision_E22_40_Monitor_Spec.PDF#page=2,direct_specification,automated_extraction_checked_by_invariants,Official Lenovo PSREF: 21.5-inch 1920x1080 at up to 100 Hz. No USB-C video input is listed.
MON-L023,usb_c_video,false,LENOVO-E22-40,4,data/raw/lenovo/LENOVO-E22-40.pdf,https://psref.lenovo.com/syspool/Sys/PDF/ThinkVision/ThinkVision_E22_40_Monitor/ThinkVision_E22_40_Monitor_Spec.PDF#page=4,normalized_from_exhaustive_connectivity_list_and_port_direction,automated_extraction_checked_by_invariants,Official Lenovo PSREF: 21.5-inch 1920x1080 at up to 100 Hz. No USB-C video input is listed.
MON-L023,usb_c_pd_watts,0,LENOVO-E22-40,4,data/raw/lenovo/LENOVO-E22-40.pdf,https://psref.lenovo.com/syspool/Sys/PDF/ThinkVision/ThinkVision_E22_40_Monitor/ThinkVision_E22_40_Monitor_Spec.PDF#page=4,normalized_from_exhaustive_connectivity_list_and_port_direction,automated_extraction_checked_by_invariants,Official Lenovo PSREF: 21.5-inch 1920x1080 at up to 100 Hz. No USB-C video input is listed.
MON-L023,usb_c_downstream_charge_watts,0,LENOVO-E22-40,4,data/raw/lenovo/LENOVO-E22-40.pdf,https://psref.lenovo.com/syspool/Sys/PDF/ThinkVision/ThinkVision_E22_40_Monitor/ThinkVision_E22_40_Monitor_Spec.PDF#page=4,no_usb_connector_in_connectivity_list,automated_extraction_checked_by_invariants,Official Lenovo PSREF: 21.5-inch 1920x1080 at up to 100 Hz. No USB-C video input is listed.
MON-L023,video_inputs,"[""HDMI"", ""DisplayPort"", ""VGA""]",LENOVO-E22-40,4,data/raw/lenovo/LENOVO-E22-40.pdf,https://psref.lenovo.com/syspool/Sys/PDF/ThinkVision/ThinkVision_E22_40_Monitor/ThinkVision_E22_40_Monitor_Spec.PDF#page=4,direct_specification,automated_extraction_checked_by_invariants,
MON-L024,model,"""S22-4e""",LENOVO-S22-4E,1,data/raw/lenovo/LENOVO-S22-4E.pdf,https://psref.lenovo.com/syspool/Sys/PDF/ThinkVision/ThinkVision_S22_4e_Monitor/ThinkVision_S22_4e_Monitor_Spec.PDF#page=1,direct_specification,automated_extraction_checked_by_invariants,
MON-L024,screen_inches,21.5,LENOVO-S22-4E,2,data/raw/lenovo/LENOVO-S22-4E.pdf,https://psref.lenovo.com/syspool/Sys/PDF/ThinkVision/ThinkVision_S22_4e_Monitor/ThinkVision_S22_4e_Monitor_Spec.PDF#page=2,direct_specification,automated_extraction_checked_by_invariants,
MON-L024,resolution,"""1920x1080""",LENOVO-S22-4E,2,data/raw/lenovo/LENOVO-S22-4E.pdf,https://psref.lenovo.com/syspool/Sys/PDF/ThinkVision/ThinkVision_S22_4e_Monitor/ThinkVision_S22_4e_Monitor_Spec.PDF#page=2,direct_specification,automated_extraction_checked_by_invariants,
MON-L024,max_refresh_hz,100,LENOVO-S22-4E,2,data/raw/lenovo/LENOVO-S22-4E.pdf,https://psref.lenovo.com/syspool/Sys/PDF/ThinkVision/ThinkVision_S22_4e_Monitor/ThinkVision_S22_4e_Monitor_Spec.PDF#page=2,direct_specification,automated_extraction_checked_by_invariants,Official Lenovo PSREF: 21.5-inch 1920x1080 at up to 100 Hz. No USB-C video input is listed.
MON-L024,usb_c_video,false,LENOVO-S22-4E,4,data/raw/lenovo/LENOVO-S22-4E.pdf,https://psref.lenovo.com/syspool/Sys/PDF/ThinkVision/ThinkVision_S22_4e_Monitor/ThinkVision_S22_4e_Monitor_Spec.PDF#page=4,normalized_from_exhaustive_connectivity_list_and_port_direction,automated_extraction_checked_by_invariants,Official Lenovo PSREF: 21.5-inch 1920x1080 at up to 100 Hz. No USB-C video input is listed.
MON-L024,usb_c_pd_watts,0,LENOVO-S22-4E,4,data/raw/lenovo/LENOVO-S22-4E.pdf,https://psref.lenovo.com/syspool/Sys/PDF/ThinkVision/ThinkVision_S22_4e_Monitor/ThinkVision_S22_4e_Monitor_Spec.PDF#page=4,normalized_from_exhaustive_connectivity_list_and_port_direction,automated_extraction_checked_by_invariants,Official Lenovo PSREF: 21.5-inch 1920x1080 at up to 100 Hz. No USB-C video input is listed.
MON-L024,usb_c_downstream_charge_watts,0,LENOVO-S22-4E,4,data/raw/lenovo/LENOVO-S22-4E.pdf,https://psref.lenovo.com/syspool/Sys/PDF/ThinkVision/ThinkVision_S22_4e_Monitor/ThinkVision_S22_4e_Monitor_Spec.PDF#page=4,no_usb_connector_in_connectivity_list,automated_extraction_checked_by_invariants,Official Lenovo PSREF: 21.5-inch 1920x1080 at up to 100 Hz. No USB-C video input is listed.
MON-L024,video_inputs,"[""HDMI"", ""VGA""]",LENOVO-S22-4E,4,data/raw/lenovo/LENOVO-S22-4E.pdf,https://psref.lenovo.com/syspool/Sys/PDF/ThinkVision/ThinkVision_S22_4e_Monitor/ThinkVision_S22_4e_Monitor_Spec.PDF#page=4,direct_specification,automated_extraction_checked_by_invariants,
MON-L025,model,"""L22-4e""",LENOVO-L22-4E,1,data/raw/lenovo/LENOVO-L22-4E.pdf,https://psref.lenovo.com/syspool/Sys/PDF/Lenovo_Monitors/Lenovo_L22_4e_Monitor/Lenovo_L22_4e_Monitor_Spec.PDF#page=1,direct_specification,automated_extraction_checked_by_invariants,
MON-L025,screen_inches,21.5,LENOVO-L22-4E,2,data/raw/lenovo/LENOVO-L22-4E.pdf,https://psref.lenovo.com/syspool/Sys/PDF/Lenovo_Monitors/Lenovo_L22_4e_Monitor/Lenovo_L22_4e_Monitor_Spec.PDF#page=2,direct_specification,automated_extraction_checked_by_invariants,
MON-L025,resolution,"""1920x1080""",LENOVO-L22-4E,2,data/raw/lenovo/LENOVO-L22-4E.pdf,https://psref.lenovo.com/syspool/Sys/PDF/Lenovo_Monitors/Lenovo_L22_4e_Monitor/Lenovo_L22_4e_Monitor_Spec.PDF#page=2,direct_specification,automated_extraction_checked_by_invariants,
MON-L025,max_refresh_hz,100,LENOVO-L22-4E,2,data/raw/lenovo/LENOVO-L22-4E.pdf,https://psref.lenovo.com/syspool/Sys/PDF/Lenovo_Monitors/Lenovo_L22_4e_Monitor/Lenovo_L22_4e_Monitor_Spec.PDF#page=2,direct_specification,automated_extraction_checked_by_invariants,Official Lenovo PSREF: 21.5-inch 1920x1080 at up to 100 Hz. No USB-C video input is listed.
MON-L025,usb_c_video,false,LENOVO-L22-4E,3,data/raw/lenovo/LENOVO-L22-4E.pdf,https://psref.lenovo.com/syspool/Sys/PDF/Lenovo_Monitors/Lenovo_L22_4e_Monitor/Lenovo_L22_4e_Monitor_Spec.PDF#page=3,normalized_from_exhaustive_connectivity_list_and_port_direction,automated_extraction_checked_by_invariants,Official Lenovo PSREF: 21.5-inch 1920x1080 at up to 100 Hz. No USB-C video input is listed.
MON-L025,usb_c_pd_watts,0,LENOVO-L22-4E,3,data/raw/lenovo/LENOVO-L22-4E.pdf,https://psref.lenovo.com/syspool/Sys/PDF/Lenovo_Monitors/Lenovo_L22_4e_Monitor/Lenovo_L22_4e_Monitor_Spec.PDF#page=3,normalized_from_exhaustive_connectivity_list_and_port_direction,automated_extraction_checked_by_invariants,Official Lenovo PSREF: 21.5-inch 1920x1080 at up to 100 Hz. No USB-C video input is listed.
MON-L025,usb_c_downstream_charge_watts,0,LENOVO-L22-4E,3,data/raw/lenovo/LENOVO-L22-4E.pdf,https://psref.lenovo.com/syspool/Sys/PDF/Lenovo_Monitors/Lenovo_L22_4e_Monitor/Lenovo_L22_4e_Monitor_Spec.PDF#page=3,no_usb_connector_in_connectivity_list,automated_extraction_checked_by_invariants,Official Lenovo PSREF: 21.5-inch 1920x1080 at up to 100 Hz. No USB-C video input is listed.
MON-L025,video_inputs,"[""HDMI""]",LENOVO-L22-4E,3,data/raw/lenovo/LENOVO-L22-4E.pdf,https://psref.lenovo.com/syspool/Sys/PDF/Lenovo_Monitors/Lenovo_L22_4e_Monitor/Lenovo_L22_4e_Monitor_Spec.PDF#page=3,direct_specification,automated_extraction_checked_by_invariants,
MON-L026,model,"""L27-41""",LENOVO-L27-41,1,data/raw/lenovo/LENOVO-L27-41.pdf,https://psref.lenovo.com/syspool/Sys/PDF/Lenovo_Monitors/Lenovo_L27_41_Monitor/Lenovo_L27_41_Monitor_Spec.PDF#page=1,direct_specification,automated_extraction_checked_by_invariants,
MON-L026,screen_inches,27.0,LENOVO-L27-41,2,data/raw/lenovo/LENOVO-L27-41.pdf,https://psref.lenovo.com/syspool/Sys/PDF/Lenovo_Monitors/Lenovo_L27_41_Monitor/Lenovo_L27_41_Monitor_Spec.PDF#page=2,direct_specification,automated_extraction_checked_by_invariants,
MON-L026,resolution,"""1920x1080""",LENOVO-L27-41,2,data/raw/lenovo/LENOVO-L27-41.pdf,https://psref.lenovo.com/syspool/Sys/PDF/Lenovo_Monitors/Lenovo_L27_41_Monitor/Lenovo_L27_41_Monitor_Spec.PDF#page=2,direct_specification,automated_extraction_checked_by_invariants,
MON-L026,max_refresh_hz,100,LENOVO-L27-41,2,data/raw/lenovo/LENOVO-L27-41.pdf,https://psref.lenovo.com/syspool/Sys/PDF/Lenovo_Monitors/Lenovo_L27_41_Monitor/Lenovo_L27_41_Monitor_Spec.PDF#page=2,direct_specification,automated_extraction_checked_by_invariants,Official Lenovo PSREF: 27-inch 1920x1080 at up to 100 Hz. No USB-C video input is listed.
MON-L026,usb_c_video,false,LENOVO-L27-41,3,data/raw/lenovo/LENOVO-L27-41.pdf,https://psref.lenovo.com/syspool/Sys/PDF/Lenovo_Monitors/Lenovo_L27_41_Monitor/Lenovo_L27_41_Monitor_Spec.PDF#page=3,normalized_from_exhaustive_connectivity_list_and_port_direction,automated_extraction_checked_by_invariants,Official Lenovo PSREF: 27-inch 1920x1080 at up to 100 Hz. No USB-C video input is listed.
MON-L026,usb_c_pd_watts,0,LENOVO-L27-41,3,data/raw/lenovo/LENOVO-L27-41.pdf,https://psref.lenovo.com/syspool/Sys/PDF/Lenovo_Monitors/Lenovo_L27_41_Monitor/Lenovo_L27_41_Monitor_Spec.PDF#page=3,normalized_from_exhaustive_connectivity_list_and_port_direction,automated_extraction_checked_by_invariants,Official Lenovo PSREF: 27-inch 1920x1080 at up to 100 Hz. No USB-C video input is listed.
MON-L026,usb_c_downstream_charge_watts,0,LENOVO-L27-41,3,data/raw/lenovo/LENOVO-L27-41.pdf,https://psref.lenovo.com/syspool/Sys/PDF/Lenovo_Monitors/Lenovo_L27_41_Monitor/Lenovo_L27_41_Monitor_Spec.PDF#page=3,no_usb_connector_in_connectivity_list,automated_extraction_checked_by_invariants,Official Lenovo PSREF: 27-inch 1920x1080 at up to 100 Hz. No USB-C video input is listed.
MON-L026,video_inputs,"[""HDMI""]",LENOVO-L27-41,3,data/raw/lenovo/LENOVO-L27-41.pdf,https://psref.lenovo.com/syspool/Sys/PDF/Lenovo_Monitors/Lenovo_L27_41_Monitor/Lenovo_L27_41_Monitor_Spec.PDF#page=3,direct_specification,automated_extraction_checked_by_invariants,
MON-L027,model,"""S27-4e""",LENOVO-S27-4E,1,data/raw/lenovo/LENOVO-S27-4E.pdf,https://psref.lenovo.com/syspool/Sys/PDF/ThinkVision/ThinkVision_S27_4e_Monitor/ThinkVision_S27_4e_Monitor_Spec.PDF#page=1,direct_specification,automated_extraction_checked_by_invariants,
MON-L027,screen_inches,27.0,LENOVO-S27-4E,2,data/raw/lenovo/LENOVO-S27-4E.pdf,https://psref.lenovo.com/syspool/Sys/PDF/ThinkVision/ThinkVision_S27_4e_Monitor/ThinkVision_S27_4e_Monitor_Spec.PDF#page=2,direct_specification,automated_extraction_checked_by_invariants,
MON-L027,resolution,"""1920x1080""",LENOVO-S27-4E,2,data/raw/lenovo/LENOVO-S27-4E.pdf,https://psref.lenovo.com/syspool/Sys/PDF/ThinkVision/ThinkVision_S27_4e_Monitor/ThinkVision_S27_4e_Monitor_Spec.PDF#page=2,direct_specification,automated_extraction_checked_by_invariants,
MON-L027,max_refresh_hz,100,LENOVO-S27-4E,2,data/raw/lenovo/LENOVO-S27-4E.pdf,https://psref.lenovo.com/syspool/Sys/PDF/ThinkVision/ThinkVision_S27_4e_Monitor/ThinkVision_S27_4e_Monitor_Spec.PDF#page=2,direct_specification,automated_extraction_checked_by_invariants,Official Lenovo PSREF: 27-inch 1920x1080 at up to 100 Hz. No USB-C video input is listed.
MON-L027,usb_c_video,false,LENOVO-S27-4E,4,data/raw/lenovo/LENOVO-S27-4E.pdf,https://psref.lenovo.com/syspool/Sys/PDF/ThinkVision/ThinkVision_S27_4e_Monitor/ThinkVision_S27_4e_Monitor_Spec.PDF#page=4,normalized_from_exhaustive_connectivity_list_and_port_direction,automated_extraction_checked_by_invariants,Official Lenovo PSREF: 27-inch 1920x1080 at up to 100 Hz. No USB-C video input is listed.
MON-L027,usb_c_pd_watts,0,LENOVO-S27-4E,4,data/raw/lenovo/LENOVO-S27-4E.pdf,https://psref.lenovo.com/syspool/Sys/PDF/ThinkVision/ThinkVision_S27_4e_Monitor/ThinkVision_S27_4e_Monitor_Spec.PDF#page=4,normalized_from_exhaustive_connectivity_list_and_port_direction,automated_extraction_checked_by_invariants,Official Lenovo PSREF: 27-inch 1920x1080 at up to 100 Hz. No USB-C video input is listed.
MON-L027,usb_c_downstream_charge_watts,0,LENOVO-S27-4E,4,data/raw/lenovo/LENOVO-S27-4E.pdf,https://psref.lenovo.com/syspool/Sys/PDF/ThinkVision/ThinkVision_S27_4e_Monitor/ThinkVision_S27_4e_Monitor_Spec.PDF#page=4,no_usb_connector_in_connectivity_list,automated_extraction_checked_by_invariants,Official Lenovo PSREF: 27-inch 1920x1080 at up to 100 Hz. No USB-C video input is listed.
MON-L027,video_inputs,"[""HDMI"", ""VGA""]",LENOVO-S27-4E,4,data/raw/lenovo/LENOVO-S27-4E.pdf,https://psref.lenovo.com/syspool/Sys/PDF/ThinkVision/ThinkVision_S27_4e_Monitor/ThinkVision_S27_4e_Monitor_Spec.PDF#page=4,direct_specification,automated_extraction_checked_by_invariants,
MON-L028,model,"""E27Q-40""",LENOVO-E27Q-40,1,data/raw/lenovo/LENOVO-E27Q-40.pdf,https://psref.lenovo.com/syspool/Sys/PDF/ThinkVision/ThinkVision_E27Q_40_Monitor/ThinkVision_E27Q_40_Monitor_Spec.PDF#page=1,direct_specification,automated_extraction_checked_by_invariants,
MON-L028,screen_inches,27.0,LENOVO-E27Q-40,2,data/raw/lenovo/LENOVO-E27Q-40.pdf,https://psref.lenovo.com/syspool/Sys/PDF/ThinkVision/ThinkVision_E27Q_40_Monitor/ThinkVision_E27Q_40_Monitor_Spec.PDF#page=2,direct_specification,automated_extraction_checked_by_invariants,
MON-L028,resolution,"""2560x1440""",LENOVO-E27Q-40,2,data/raw/lenovo/LENOVO-E27Q-40.pdf,https://psref.lenovo.com/syspool/Sys/PDF/ThinkVision/ThinkVision_E27Q_40_Monitor/ThinkVision_E27Q_40_Monitor_Spec.PDF#page=2,direct_specification,automated_extraction_checked_by_invariants,
MON-L028,max_refresh_hz,100,LENOVO-E27Q-40,2,data/raw/lenovo/LENOVO-E27Q-40.pdf,https://psref.lenovo.com/syspool/Sys/PDF/ThinkVision/ThinkVision_E27Q_40_Monitor/ThinkVision_E27Q_40_Monitor_Spec.PDF#page=2,direct_specification,automated_extraction_checked_by_invariants,Official Lenovo PSREF: 27-inch 2560x1440 at up to 100 Hz. No USB-C video input is listed.
MON-L028,usb_c_video,false,LENOVO-E27Q-40,4,data/raw/lenovo/LENOVO-E27Q-40.pdf,https://psref.lenovo.com/syspool/Sys/PDF/ThinkVision/ThinkVision_E27Q_40_Monitor/ThinkVision_E27Q_40_Monitor_Spec.PDF#page=4,normalized_from_exhaustive_connectivity_list_and_port_direction,automated_extraction_checked_by_invariants,Official Lenovo PSREF: 27-inch 2560x1440 at up to 100 Hz. No USB-C video input is listed.
MON-L028,usb_c_pd_watts,0,LENOVO-E27Q-40,4,data/raw/lenovo/LENOVO-E27Q-40.pdf,https://psref.lenovo.com/syspool/Sys/PDF/ThinkVision/ThinkVision_E27Q_40_Monitor/ThinkVision_E27Q_40_Monitor_Spec.PDF#page=4,normalized_from_exhaustive_connectivity_list_and_port_direction,automated_extraction_checked_by_invariants,Official Lenovo PSREF: 27-inch 2560x1440 at up to 100 Hz. No USB-C video input is listed.
MON-L028,usb_c_downstream_charge_watts,0,LENOVO-E27Q-40,4,data/raw/lenovo/LENOVO-E27Q-40.pdf,https://psref.lenovo.com/syspool/Sys/PDF/ThinkVision/ThinkVision_E27Q_40_Monitor/ThinkVision_E27Q_40_Monitor_Spec.PDF#page=4,no_usb_connector_in_connectivity_list,automated_extraction_checked_by_invariants,Official Lenovo PSREF: 27-inch 2560x1440 at up to 100 Hz. No USB-C video input is listed.
MON-L028,video_inputs,"[""HDMI"", ""DisplayPort""]",LENOVO-E27Q-40,4,data/raw/lenovo/LENOVO-E27Q-40.pdf,https://psref.lenovo.com/syspool/Sys/PDF/ThinkVision/ThinkVision_E27Q_40_Monitor/ThinkVision_E27Q_40_Monitor_Spec.PDF#page=4,direct_specification,automated_extraction_checked_by_invariants,
MON-L029,model,"""E27-40""",LENOVO-E27-40,1,data/raw/lenovo/LENOVO-E27-40.pdf,https://psref.lenovo.com/syspool/Sys/PDF/ThinkVision/ThinkVision_E27_40_Monitor/ThinkVision_E27_40_Monitor_Spec.PDF#page=1,direct_specification,automated_extraction_checked_by_invariants,
MON-L029,screen_inches,27.0,LENOVO-E27-40,2,data/raw/lenovo/LENOVO-E27-40.pdf,https://psref.lenovo.com/syspool/Sys/PDF/ThinkVision/ThinkVision_E27_40_Monitor/ThinkVision_E27_40_Monitor_Spec.PDF#page=2,direct_specification,automated_extraction_checked_by_invariants,
MON-L029,resolution,"""1920x1080""",LENOVO-E27-40,2,data/raw/lenovo/LENOVO-E27-40.pdf,https://psref.lenovo.com/syspool/Sys/PDF/ThinkVision/ThinkVision_E27_40_Monitor/ThinkVision_E27_40_Monitor_Spec.PDF#page=2,direct_specification,automated_extraction_checked_by_invariants,
MON-L029,max_refresh_hz,100,LENOVO-E27-40,2,data/raw/lenovo/LENOVO-E27-40.pdf,https://psref.lenovo.com/syspool/Sys/PDF/ThinkVision/ThinkVision_E27_40_Monitor/ThinkVision_E27_40_Monitor_Spec.PDF#page=2,direct_specification,automated_extraction_checked_by_invariants,Official Lenovo PSREF: 27-inch 1920x1080 at up to 100 Hz. No USB-C video input is listed.
MON-L029,usb_c_video,false,LENOVO-E27-40,4,data/raw/lenovo/LENOVO-E27-40.pdf,https://psref.lenovo.com/syspool/Sys/PDF/ThinkVision/ThinkVision_E27_40_Monitor/ThinkVision_E27_40_Monitor_Spec.PDF#page=4,normalized_from_exhaustive_connectivity_list_and_port_direction,automated_extraction_checked_by_invariants,Official Lenovo PSREF: 27-inch 1920x1080 at up to 100 Hz. No USB-C video input is listed.
MON-L029,usb_c_pd_watts,0,LENOVO-E27-40,4,data/raw/lenovo/LENOVO-E27-40.pdf,https://psref.lenovo.com/syspool/Sys/PDF/ThinkVision/ThinkVision_E27_40_Monitor/ThinkVision_E27_40_Monitor_Spec.PDF#page=4,normalized_from_exhaustive_connectivity_list_and_port_direction,automated_extraction_checked_by_invariants,Official Lenovo PSREF: 27-inch 1920x1080 at up to 100 Hz. No USB-C video input is listed.
MON-L029,usb_c_downstream_charge_watts,0,LENOVO-E27-40,4,data/raw/lenovo/LENOVO-E27-40.pdf,https://psref.lenovo.com/syspool/Sys/PDF/ThinkVision/ThinkVision_E27_40_Monitor/ThinkVision_E27_40_Monitor_Spec.PDF#page=4,no_usb_connector_in_connectivity_list,automated_extraction_checked_by_invariants,Official Lenovo PSREF: 27-inch 1920x1080 at up to 100 Hz. No USB-C video input is listed.
MON-L029,video_inputs,"[""HDMI"", ""DisplayPort"", ""VGA""]",LENOVO-E27-40,4,data/raw/lenovo/LENOVO-E27-40.pdf,https://psref.lenovo.com/syspool/Sys/PDF/ThinkVision/ThinkVision_E27_40_Monitor/ThinkVision_E27_40_Monitor_Spec.PDF#page=4,direct_specification,automated_extraction_checked_by_invariants,
MON-L030,model,"""L27-4e""",LENOVO-L27-4E,1,data/raw/lenovo/LENOVO-L27-4E.pdf,https://psref.lenovo.com/syspool/Sys/PDF/Lenovo_Monitors/Lenovo_L27_4e_Monitor/Lenovo_L27_4e_Monitor_Spec.PDF#page=1,direct_specification,automated_extraction_checked_by_invariants,
MON-L030,screen_inches,27.0,LENOVO-L27-4E,2,data/raw/lenovo/LENOVO-L27-4E.pdf,https://psref.lenovo.com/syspool/Sys/PDF/Lenovo_Monitors/Lenovo_L27_4e_Monitor/Lenovo_L27_4e_Monitor_Spec.PDF#page=2,direct_specification,automated_extraction_checked_by_invariants,
MON-L030,resolution,"""1920x1080""",LENOVO-L27-4E,2,data/raw/lenovo/LENOVO-L27-4E.pdf,https://psref.lenovo.com/syspool/Sys/PDF/Lenovo_Monitors/Lenovo_L27_4e_Monitor/Lenovo_L27_4e_Monitor_Spec.PDF#page=2,direct_specification,automated_extraction_checked_by_invariants,
MON-L030,max_refresh_hz,100,LENOVO-L27-4E,2,data/raw/lenovo/LENOVO-L27-4E.pdf,https://psref.lenovo.com/syspool/Sys/PDF/Lenovo_Monitors/Lenovo_L27_4e_Monitor/Lenovo_L27_4e_Monitor_Spec.PDF#page=2,direct_specification,automated_extraction_checked_by_invariants,Official Lenovo PSREF: 27-inch 1920x1080 at up to 100 Hz. No USB-C video input is listed.
MON-L030,usb_c_video,false,LENOVO-L27-4E,3,data/raw/lenovo/LENOVO-L27-4E.pdf,https://psref.lenovo.com/syspool/Sys/PDF/Lenovo_Monitors/Lenovo_L27_4e_Monitor/Lenovo_L27_4e_Monitor_Spec.PDF#page=3,normalized_from_exhaustive_connectivity_list_and_port_direction,automated_extraction_checked_by_invariants,Official Lenovo PSREF: 27-inch 1920x1080 at up to 100 Hz. No USB-C video input is listed.
MON-L030,usb_c_pd_watts,0,LENOVO-L27-4E,3,data/raw/lenovo/LENOVO-L27-4E.pdf,https://psref.lenovo.com/syspool/Sys/PDF/Lenovo_Monitors/Lenovo_L27_4e_Monitor/Lenovo_L27_4e_Monitor_Spec.PDF#page=3,normalized_from_exhaustive_connectivity_list_and_port_direction,automated_extraction_checked_by_invariants,Official Lenovo PSREF: 27-inch 1920x1080 at up to 100 Hz. No USB-C video input is listed.
MON-L030,usb_c_downstream_charge_watts,0,LENOVO-L27-4E,3,data/raw/lenovo/LENOVO-L27-4E.pdf,https://psref.lenovo.com/syspool/Sys/PDF/Lenovo_Monitors/Lenovo_L27_4e_Monitor/Lenovo_L27_4e_Monitor_Spec.PDF#page=3,no_usb_connector_in_connectivity_list,automated_extraction_checked_by_invariants,Official Lenovo PSREF: 27-inch 1920x1080 at up to 100 Hz. No USB-C video input is listed.
MON-L030,video_inputs,"[""HDMI""]",LENOVO-L27-4E,3,data/raw/lenovo/LENOVO-L27-4E.pdf,https://psref.lenovo.com/syspool/Sys/PDF/Lenovo_Monitors/Lenovo_L27_4e_Monitor/Lenovo_L27_4e_Monitor_Spec.PDF#page=3,direct_specification,automated_extraction_checked_by_invariants,
MON-L031,model,"""T32UD-40""",LENOVO-T32UD-40,1,data/raw/lenovo/LENOVO-T32UD-40.pdf,https://psref.lenovo.com/syspool/Sys/PDF/ThinkVision/ThinkVision_T32UD_40_Monitor/ThinkVision_T32UD_40_Monitor_Spec.PDF#page=1,direct_specification,automated_extraction_checked_by_invariants,
MON-L031,screen_inches,31.5,LENOVO-T32UD-40,2,data/raw/lenovo/LENOVO-T32UD-40.pdf,https://psref.lenovo.com/syspool/Sys/PDF/ThinkVision/ThinkVision_T32UD_40_Monitor/ThinkVision_T32UD_40_Monitor_Spec.PDF#page=2,direct_specification,automated_extraction_checked_by_invariants,
MON-L031,resolution,"""3840x2160""",LENOVO-T32UD-40,2,data/raw/lenovo/LENOVO-T32UD-40.pdf,https://psref.lenovo.com/syspool/Sys/PDF/ThinkVision/ThinkVision_T32UD_40_Monitor/ThinkVision_T32UD_40_Monitor_Spec.PDF#page=2,direct_specification,automated_extraction_checked_by_invariants,
MON-L031,max_refresh_hz,60,LENOVO-T32UD-40,2,data/raw/lenovo/LENOVO-T32UD-40.pdf,https://psref.lenovo.com/syspool/Sys/PDF/ThinkVision/ThinkVision_T32UD_40_Monitor/ThinkVision_T32UD_40_Monitor_Spec.PDF#page=2,direct_specification,automated_extraction_checked_by_invariants,Official Lenovo PSREF: 31.5-inch 3840x2160 at up to 60 Hz. USB-C video input; host power delivery up to 100 W.
MON-L031,usb_c_video,true,LENOVO-T32UD-40,4,data/raw/lenovo/LENOVO-T32UD-40.pdf,https://psref.lenovo.com/syspool/Sys/PDF/ThinkVision/ThinkVision_T32UD_40_Monitor/ThinkVision_T32UD_40_Monitor_Spec.PDF#page=4,direct_specification,automated_extraction_checked_by_invariants,Official Lenovo PSREF: 31.5-inch 3840x2160 at up to 60 Hz. USB-C video input; host power delivery up to 100 W.
MON-L031,usb_c_pd_watts,100,LENOVO-T32UD-40,4,data/raw/lenovo/LENOVO-T32UD-40.pdf,https://psref.lenovo.com/syspool/Sys/PDF/ThinkVision/ThinkVision_T32UD_40_Monitor/ThinkVision_T32UD_40_Monitor_Spec.PDF#page=4,direct_specification,automated_extraction_checked_by_invariants,Official Lenovo PSREF: 31.5-inch 3840x2160 at up to 60 Hz. USB-C video input; host power delivery up to 100 W.
MON-L031,usb_c_downstream_charge_watts,15,LENOVO-T32UD-40,4,data/raw/lenovo/LENOVO-T32UD-40.pdf,https://psref.lenovo.com/syspool/Sys/PDF/ThinkVision/ThinkVision_T32UD_40_Monitor/ThinkVision_T32UD_40_Monitor_Spec.PDF#page=4,direct_specification,automated_extraction_checked_by_invariants,Official Lenovo PSREF: 31.5-inch 3840x2160 at up to 60 Hz. USB-C video input; host power delivery up to 100 W.
MON-L031,video_inputs,"[""HDMI"", ""DisplayPort"", ""USB-C DP Alt Mode""]",LENOVO-T32UD-40,4,data/raw/lenovo/LENOVO-T32UD-40.pdf,https://psref.lenovo.com/syspool/Sys/PDF/ThinkVision/ThinkVision_T32UD_40_Monitor/ThinkVision_T32UD_40_Monitor_Spec.PDF#page=4,direct_specification,automated_extraction_checked_by_invariants,
MON-L032,model,"""L24-41""",LENOVO-L24-41,1,data/raw/lenovo/LENOVO-L24-41.pdf,https://psref.lenovo.com/syspool/Sys/PDF/Lenovo_Monitors/Lenovo_L24_41_Monitor/Lenovo_L24_41_Monitor_Spec.PDF#page=1,direct_specification,automated_extraction_checked_by_invariants,
MON-L032,screen_inches,23.8,LENOVO-L24-41,2,data/raw/lenovo/LENOVO-L24-41.pdf,https://psref.lenovo.com/syspool/Sys/PDF/Lenovo_Monitors/Lenovo_L24_41_Monitor/Lenovo_L24_41_Monitor_Spec.PDF#page=2,direct_specification,automated_extraction_checked_by_invariants,
MON-L032,resolution,"""1920x1080""",LENOVO-L24-41,2,data/raw/lenovo/LENOVO-L24-41.pdf,https://psref.lenovo.com/syspool/Sys/PDF/Lenovo_Monitors/Lenovo_L24_41_Monitor/Lenovo_L24_41_Monitor_Spec.PDF#page=2,direct_specification,automated_extraction_checked_by_invariants,
MON-L032,max_refresh_hz,100,LENOVO-L24-41,2,data/raw/lenovo/LENOVO-L24-41.pdf,https://psref.lenovo.com/syspool/Sys/PDF/Lenovo_Monitors/Lenovo_L24_41_Monitor/Lenovo_L24_41_Monitor_Spec.PDF#page=2,direct_specification,automated_extraction_checked_by_invariants,Official Lenovo PSREF: 23.8-inch 1920x1080 at up to 100 Hz. No USB-C video input is listed.
MON-L032,usb_c_video,false,LENOVO-L24-41,3,data/raw/lenovo/LENOVO-L24-41.pdf,https://psref.lenovo.com/syspool/Sys/PDF/Lenovo_Monitors/Lenovo_L24_41_Monitor/Lenovo_L24_41_Monitor_Spec.PDF#page=3,normalized_from_exhaustive_connectivity_list_and_port_direction,automated_extraction_checked_by_invariants,Official Lenovo PSREF: 23.8-inch 1920x1080 at up to 100 Hz. No USB-C video input is listed.
MON-L032,usb_c_pd_watts,0,LENOVO-L24-41,3,data/raw/lenovo/LENOVO-L24-41.pdf,https://psref.lenovo.com/syspool/Sys/PDF/Lenovo_Monitors/Lenovo_L24_41_Monitor/Lenovo_L24_41_Monitor_Spec.PDF#page=3,normalized_from_exhaustive_connectivity_list_and_port_direction,automated_extraction_checked_by_invariants,Official Lenovo PSREF: 23.8-inch 1920x1080 at up to 100 Hz. No USB-C video input is listed.
MON-L032,usb_c_downstream_charge_watts,0,LENOVO-L24-41,3,data/raw/lenovo/LENOVO-L24-41.pdf,https://psref.lenovo.com/syspool/Sys/PDF/Lenovo_Monitors/Lenovo_L24_41_Monitor/Lenovo_L24_41_Monitor_Spec.PDF#page=3,no_usb_connector_in_connectivity_list,automated_extraction_checked_by_invariants,Official Lenovo PSREF: 23.8-inch 1920x1080 at up to 100 Hz. No USB-C video input is listed.
MON-L032,video_inputs,"[""HDMI""]",LENOVO-L24-41,3,data/raw/lenovo/LENOVO-L24-41.pdf,https://psref.lenovo.com/syspool/Sys/PDF/Lenovo_Monitors/Lenovo_L24_41_Monitor/Lenovo_L24_41_Monitor_Spec.PDF#page=3,direct_specification,automated_extraction_checked_by_invariants,
MON-L033,model,"""T24D-40""",LENOVO-T24D-40,1,data/raw/lenovo/LENOVO-T24D-40.pdf,https://psref.lenovo.com/syspool/Sys/PDF/ThinkVision/ThinkVision_T24D_40_Monitor/ThinkVision_T24D_40_Monitor_Spec.PDF#page=1,direct_specification,automated_extraction_checked_by_invariants,
MON-L033,screen_inches,23.8,LENOVO-T24D-40,2,data/raw/lenovo/LENOVO-T24D-40.pdf,https://psref.lenovo.com/syspool/Sys/PDF/ThinkVision/ThinkVision_T24D_40_Monitor/ThinkVision_T24D_40_Monitor_Spec.PDF#page=2,direct_specification,automated_extraction_checked_by_invariants,
MON-L033,resolution,"""1920x1080""",LENOVO-T24D-40,2,data/raw/lenovo/LENOVO-T24D-40.pdf,https://psref.lenovo.com/syspool/Sys/PDF/ThinkVision/ThinkVision_T24D_40_Monitor/ThinkVision_T24D_40_Monitor_Spec.PDF#page=2,direct_specification,automated_extraction_checked_by_invariants,
MON-L033,max_refresh_hz,120,LENOVO-T24D-40,2,data/raw/lenovo/LENOVO-T24D-40.pdf,https://psref.lenovo.com/syspool/Sys/PDF/ThinkVision/ThinkVision_T24D_40_Monitor/ThinkVision_T24D_40_Monitor_Spec.PDF#page=2,direct_specification,automated_extraction_checked_by_invariants,Official Lenovo PSREF: 23.8-inch 1920x1080 at up to 120 Hz. USB-C video input; host power delivery up to 100 W.
MON-L033,usb_c_video,true,LENOVO-T24D-40,4,data/raw/lenovo/LENOVO-T24D-40.pdf,https://psref.lenovo.com/syspool/Sys/PDF/ThinkVision/ThinkVision_T24D_40_Monitor/ThinkVision_T24D_40_Monitor_Spec.PDF#page=4,direct_specification,automated_extraction_checked_by_invariants,Official Lenovo PSREF: 23.8-inch 1920x1080 at up to 120 Hz. USB-C video input; host power delivery up to 100 W.
MON-L033,usb_c_pd_watts,100,LENOVO-T24D-40,4,data/raw/lenovo/LENOVO-T24D-40.pdf,https://psref.lenovo.com/syspool/Sys/PDF/ThinkVision/ThinkVision_T24D_40_Monitor/ThinkVision_T24D_40_Monitor_Spec.PDF#page=4,direct_specification,automated_extraction_checked_by_invariants,Official Lenovo PSREF: 23.8-inch 1920x1080 at up to 120 Hz. USB-C video input; host power delivery up to 100 W.
MON-L033,usb_c_downstream_charge_watts,15,LENOVO-T24D-40,4,data/raw/lenovo/LENOVO-T24D-40.pdf,https://psref.lenovo.com/syspool/Sys/PDF/ThinkVision/ThinkVision_T24D_40_Monitor/ThinkVision_T24D_40_Monitor_Spec.PDF#page=4,direct_specification,automated_extraction_checked_by_invariants,Official Lenovo PSREF: 23.8-inch 1920x1080 at up to 120 Hz. USB-C video input; host power delivery up to 100 W.
MON-L033,video_inputs,"[""HDMI"", ""DisplayPort"", ""USB-C DP Alt Mode""]",LENOVO-T24D-40,4,data/raw/lenovo/LENOVO-T24D-40.pdf,https://psref.lenovo.com/syspool/Sys/PDF/ThinkVision/ThinkVision_T24D_40_Monitor/ThinkVision_T24D_40_Monitor_Spec.PDF#page=4,direct_specification,automated_extraction_checked_by_invariants,
MON-L034,model,"""P24QD-40""",LENOVO-P24QD-40,1,data/raw/lenovo/LENOVO-P24QD-40.pdf,https://psref.lenovo.com/syspool/Sys/PDF/ThinkVision/ThinkVision_P24QD_40_Monitor/ThinkVision_P24QD_40_Monitor_Spec.PDF#page=1,direct_specification,automated_extraction_checked_by_invariants,
MON-L034,screen_inches,23.8,LENOVO-P24QD-40,2,data/raw/lenovo/LENOVO-P24QD-40.pdf,https://psref.lenovo.com/syspool/Sys/PDF/ThinkVision/ThinkVision_P24QD_40_Monitor/ThinkVision_P24QD_40_Monitor_Spec.PDF#page=2,direct_specification,automated_extraction_checked_by_invariants,
MON-L034,resolution,"""2560x1440""",LENOVO-P24QD-40,2,data/raw/lenovo/LENOVO-P24QD-40.pdf,https://psref.lenovo.com/syspool/Sys/PDF/ThinkVision/ThinkVision_P24QD_40_Monitor/ThinkVision_P24QD_40_Monitor_Spec.PDF#page=2,direct_specification,automated_extraction_checked_by_invariants,
MON-L034,max_refresh_hz,120,LENOVO-P24QD-40,2,data/raw/lenovo/LENOVO-P24QD-40.pdf,https://psref.lenovo.com/syspool/Sys/PDF/ThinkVision/ThinkVision_P24QD_40_Monitor/ThinkVision_P24QD_40_Monitor_Spec.PDF#page=2,direct_specification,automated_extraction_checked_by_invariants,Official Lenovo PSREF: 23.8-inch 2560x1440 at up to 120 Hz. USB-C video input; host power delivery up to 140 W.
MON-L034,usb_c_video,true,LENOVO-P24QD-40,4,data/raw/lenovo/LENOVO-P24QD-40.pdf,https://psref.lenovo.com/syspool/Sys/PDF/ThinkVision/ThinkVision_P24QD_40_Monitor/ThinkVision_P24QD_40_Monitor_Spec.PDF#page=4,direct_specification,automated_extraction_checked_by_invariants,Official Lenovo PSREF: 23.8-inch 2560x1440 at up to 120 Hz. USB-C video input; host power delivery up to 140 W.
MON-L034,usb_c_pd_watts,140,LENOVO-P24QD-40,4,data/raw/lenovo/LENOVO-P24QD-40.pdf,https://psref.lenovo.com/syspool/Sys/PDF/ThinkVision/ThinkVision_P24QD_40_Monitor/ThinkVision_P24QD_40_Monitor_Spec.PDF#page=4,direct_specification,automated_extraction_checked_by_invariants,Official Lenovo PSREF: 23.8-inch 2560x1440 at up to 120 Hz. USB-C video input; host power delivery up to 140 W.
MON-L034,usb_c_downstream_charge_watts,15,LENOVO-P24QD-40,4,data/raw/lenovo/LENOVO-P24QD-40.pdf,https://psref.lenovo.com/syspool/Sys/PDF/ThinkVision/ThinkVision_P24QD_40_Monitor/ThinkVision_P24QD_40_Monitor_Spec.PDF#page=4,direct_specification,automated_extraction_checked_by_invariants,Official Lenovo PSREF: 23.8-inch 2560x1440 at up to 120 Hz. USB-C video input; host power delivery up to 140 W.
MON-L034,video_inputs,"[""HDMI"", ""DisplayPort"", ""USB-C DP Alt Mode""]",LENOVO-P24QD-40,4,data/raw/lenovo/LENOVO-P24QD-40.pdf,https://psref.lenovo.com/syspool/Sys/PDF/ThinkVision/ThinkVision_P24QD_40_Monitor/ThinkVision_P24QD_40_Monitor_Spec.PDF#page=4,direct_specification,automated_extraction_checked_by_invariants,
MON-L035,model,"""E24-40""",LENOVO-E24-40,1,data/raw/lenovo/LENOVO-E24-40.pdf,https://psref.lenovo.com/syspool/Sys/PDF/ThinkVision/ThinkVision_E24_40_Monitor/ThinkVision_E24_40_Monitor_Spec.PDF#page=1,direct_specification,automated_extraction_checked_by_invariants,
MON-L035,screen_inches,23.8,LENOVO-E24-40,2,data/raw/lenovo/LENOVO-E24-40.pdf,https://psref.lenovo.com/syspool/Sys/PDF/ThinkVision/ThinkVision_E24_40_Monitor/ThinkVision_E24_40_Monitor_Spec.PDF#page=2,direct_specification,automated_extraction_checked_by_invariants,
MON-L035,resolution,"""1920x1080""",LENOVO-E24-40,2,data/raw/lenovo/LENOVO-E24-40.pdf,https://psref.lenovo.com/syspool/Sys/PDF/ThinkVision/ThinkVision_E24_40_Monitor/ThinkVision_E24_40_Monitor_Spec.PDF#page=2,direct_specification,automated_extraction_checked_by_invariants,
MON-L035,max_refresh_hz,100,LENOVO-E24-40,2,data/raw/lenovo/LENOVO-E24-40.pdf,https://psref.lenovo.com/syspool/Sys/PDF/ThinkVision/ThinkVision_E24_40_Monitor/ThinkVision_E24_40_Monitor_Spec.PDF#page=2,direct_specification,automated_extraction_checked_by_invariants,Official Lenovo PSREF: 23.8-inch 1920x1080 at up to 100 Hz. No USB-C video input is listed.
MON-L035,usb_c_video,false,LENOVO-E24-40,4,data/raw/lenovo/LENOVO-E24-40.pdf,https://psref.lenovo.com/syspool/Sys/PDF/ThinkVision/ThinkVision_E24_40_Monitor/ThinkVision_E24_40_Monitor_Spec.PDF#page=4,normalized_from_exhaustive_connectivity_list_and_port_direction,automated_extraction_checked_by_invariants,Official Lenovo PSREF: 23.8-inch 1920x1080 at up to 100 Hz. No USB-C video input is listed.
MON-L035,usb_c_pd_watts,0,LENOVO-E24-40,4,data/raw/lenovo/LENOVO-E24-40.pdf,https://psref.lenovo.com/syspool/Sys/PDF/ThinkVision/ThinkVision_E24_40_Monitor/ThinkVision_E24_40_Monitor_Spec.PDF#page=4,normalized_from_exhaustive_connectivity_list_and_port_direction,automated_extraction_checked_by_invariants,Official Lenovo PSREF: 23.8-inch 1920x1080 at up to 100 Hz. No USB-C video input is listed.
MON-L035,usb_c_downstream_charge_watts,0,LENOVO-E24-40,4,data/raw/lenovo/LENOVO-E24-40.pdf,https://psref.lenovo.com/syspool/Sys/PDF/ThinkVision/ThinkVision_E24_40_Monitor/ThinkVision_E24_40_Monitor_Spec.PDF#page=4,no_usb_connector_in_connectivity_list,automated_extraction_checked_by_invariants,Official Lenovo PSREF: 23.8-inch 1920x1080 at up to 100 Hz. No USB-C video input is listed.
MON-L035,video_inputs,"[""HDMI"", ""DisplayPort"", ""VGA""]",LENOVO-E24-40,4,data/raw/lenovo/LENOVO-E24-40.pdf,https://psref.lenovo.com/syspool/Sys/PDF/ThinkVision/ThinkVision_E24_40_Monitor/ThinkVision_E24_40_Monitor_Spec.PDF#page=4,direct_specification,automated_extraction_checked_by_invariants,
MON-L036,model,"""P24Q-40""",LENOVO-P24Q-40,1,data/raw/lenovo/LENOVO-P24Q-40.pdf,https://psref.lenovo.com/syspool/Sys/PDF/ThinkVision/ThinkVision_P24Q_40_Monitor/ThinkVision_P24Q_40_Monitor_Spec.PDF#page=1,direct_specification,automated_extraction_checked_by_invariants,
MON-L036,screen_inches,23.8,LENOVO-P24Q-40,2,data/raw/lenovo/LENOVO-P24Q-40.pdf,https://psref.lenovo.com/syspool/Sys/PDF/ThinkVision/ThinkVision_P24Q_40_Monitor/ThinkVision_P24Q_40_Monitor_Spec.PDF#page=2,direct_specification,automated_extraction_checked_by_invariants,
MON-L036,resolution,"""2560x1440""",LENOVO-P24Q-40,2,data/raw/lenovo/LENOVO-P24Q-40.pdf,https://psref.lenovo.com/syspool/Sys/PDF/ThinkVision/ThinkVision_P24Q_40_Monitor/ThinkVision_P24Q_40_Monitor_Spec.PDF#page=2,direct_specification,automated_extraction_checked_by_invariants,
MON-L036,max_refresh_hz,120,LENOVO-P24Q-40,2,data/raw/lenovo/LENOVO-P24Q-40.pdf,https://psref.lenovo.com/syspool/Sys/PDF/ThinkVision/ThinkVision_P24Q_40_Monitor/ThinkVision_P24Q_40_Monitor_Spec.PDF#page=2,direct_specification,automated_extraction_checked_by_invariants,Official Lenovo PSREF: 23.8-inch 2560x1440 at up to 120 Hz. USB-C is downstream/data only (15 W maximum recorded); it is not a host video input.
MON-L036,usb_c_video,false,LENOVO-P24Q-40,4,data/raw/lenovo/LENOVO-P24Q-40.pdf,https://psref.lenovo.com/syspool/Sys/PDF/ThinkVision/ThinkVision_P24Q_40_Monitor/ThinkVision_P24Q_40_Monitor_Spec.PDF#page=4,normalized_from_exhaustive_connectivity_list_and_port_direction,automated_extraction_checked_by_invariants,Official Lenovo PSREF: 23.8-inch 2560x1440 at up to 120 Hz. USB-C is downstream/data only (15 W maximum recorded); it is not a host video input.
MON-L036,usb_c_pd_watts,0,LENOVO-P24Q-40,4,data/raw/lenovo/LENOVO-P24Q-40.pdf,https://psref.lenovo.com/syspool/Sys/PDF/ThinkVision/ThinkVision_P24Q_40_Monitor/ThinkVision_P24Q_40_Monitor_Spec.PDF#page=4,normalized_from_exhaustive_connectivity_list_and_port_direction,automated_extraction_checked_by_invariants,Official Lenovo PSREF: 23.8-inch 2560x1440 at up to 120 Hz. USB-C is downstream/data only (15 W maximum recorded); it is not a host video input.
MON-L036,usb_c_downstream_charge_watts,15,LENOVO-P24Q-40,4,data/raw/lenovo/LENOVO-P24Q-40.pdf,https://psref.lenovo.com/syspool/Sys/PDF/ThinkVision/ThinkVision_P24Q_40_Monitor/ThinkVision_P24Q_40_Monitor_Spec.PDF#page=4,direct_specification,automated_extraction_checked_by_invariants,Official Lenovo PSREF: 23.8-inch 2560x1440 at up to 120 Hz. USB-C is downstream/data only (15 W maximum recorded); it is not a host video input.
MON-L036,video_inputs,"[""HDMI"", ""DisplayPort""]",LENOVO-P24Q-40,4,data/raw/lenovo/LENOVO-P24Q-40.pdf,https://psref.lenovo.com/syspool/Sys/PDF/ThinkVision/ThinkVision_P24Q_40_Monitor/ThinkVision_P24Q_40_Monitor_Spec.PDF#page=4,direct_specification,automated_extraction_checked_by_invariants,
MON-L037,model,"""L27qe""",LENOVO-L27QE,1,data/raw/lenovo/LENOVO-L27QE.pdf,https://psref.lenovo.com/syspool/Sys/PDF/Lenovo_Monitors/Lenovo_L27qe_Monitor/Lenovo_L27qe_Monitor_Spec.PDF#page=1,direct_specification,automated_extraction_checked_by_invariants,
MON-L037,screen_inches,27.0,LENOVO-L27QE,2,data/raw/lenovo/LENOVO-L27QE.pdf,https://psref.lenovo.com/syspool/Sys/PDF/Lenovo_Monitors/Lenovo_L27qe_Monitor/Lenovo_L27qe_Monitor_Spec.PDF#page=2,direct_specification,automated_extraction_checked_by_invariants,
MON-L037,resolution,"""2560x1440""",LENOVO-L27QE,2,data/raw/lenovo/LENOVO-L27QE.pdf,https://psref.lenovo.com/syspool/Sys/PDF/Lenovo_Monitors/Lenovo_L27qe_Monitor/Lenovo_L27qe_Monitor_Spec.PDF#page=2,direct_specification,automated_extraction_checked_by_invariants,
MON-L037,max_refresh_hz,100,LENOVO-L27QE,2,data/raw/lenovo/LENOVO-L27QE.pdf,https://psref.lenovo.com/syspool/Sys/PDF/Lenovo_Monitors/Lenovo_L27qe_Monitor/Lenovo_L27qe_Monitor_Spec.PDF#page=2,direct_specification,automated_extraction_checked_by_invariants,Official Lenovo PSREF: 27-inch 2560x1440 at up to 100 Hz. No USB-C video input is listed.
MON-L037,usb_c_video,false,LENOVO-L27QE,4,data/raw/lenovo/LENOVO-L27QE.pdf,https://psref.lenovo.com/syspool/Sys/PDF/Lenovo_Monitors/Lenovo_L27qe_Monitor/Lenovo_L27qe_Monitor_Spec.PDF#page=4,normalized_from_exhaustive_connectivity_list_and_port_direction,automated_extraction_checked_by_invariants,Official Lenovo PSREF: 27-inch 2560x1440 at up to 100 Hz. No USB-C video input is listed.
MON-L037,usb_c_pd_watts,0,LENOVO-L27QE,4,data/raw/lenovo/LENOVO-L27QE.pdf,https://psref.lenovo.com/syspool/Sys/PDF/Lenovo_Monitors/Lenovo_L27qe_Monitor/Lenovo_L27qe_Monitor_Spec.PDF#page=4,normalized_from_exhaustive_connectivity_list_and_port_direction,automated_extraction_checked_by_invariants,Official Lenovo PSREF: 27-inch 2560x1440 at up to 100 Hz. No USB-C video input is listed.
MON-L037,usb_c_downstream_charge_watts,0,LENOVO-L27QE,4,data/raw/lenovo/LENOVO-L27QE.pdf,https://psref.lenovo.com/syspool/Sys/PDF/Lenovo_Monitors/Lenovo_L27qe_Monitor/Lenovo_L27qe_Monitor_Spec.PDF#page=4,no_usb_connector_in_connectivity_list,automated_extraction_checked_by_invariants,Official Lenovo PSREF: 27-inch 2560x1440 at up to 100 Hz. No USB-C video input is listed.
MON-L037,video_inputs,"[""HDMI"", ""DisplayPort""]",LENOVO-L27QE,4,data/raw/lenovo/LENOVO-L27QE.pdf,https://psref.lenovo.com/syspool/Sys/PDF/Lenovo_Monitors/Lenovo_L27qe_Monitor/Lenovo_L27qe_Monitor_Spec.PDF#page=4,direct_specification,automated_extraction_checked_by_invariants,
MON-L038,model,"""T27UD-40""",LENOVO-T27UD-40,1,data/raw/lenovo/LENOVO-T27UD-40.pdf,https://psref.lenovo.com/syspool/Sys/PDF/ThinkVision/ThinkVision_T27UD_40_Monitor/ThinkVision_T27UD_40_Monitor_Spec.PDF#page=1,direct_specification,automated_extraction_checked_by_invariants,
MON-L038,screen_inches,27.0,LENOVO-T27UD-40,2,data/raw/lenovo/LENOVO-T27UD-40.pdf,https://psref.lenovo.com/syspool/Sys/PDF/ThinkVision/ThinkVision_T27UD_40_Monitor/ThinkVision_T27UD_40_Monitor_Spec.PDF#page=2,direct_specification,automated_extraction_checked_by_invariants,
MON-L038,resolution,"""3840x2160""",LENOVO-T27UD-40,2,data/raw/lenovo/LENOVO-T27UD-40.pdf,https://psref.lenovo.com/syspool/Sys/PDF/ThinkVision/ThinkVision_T27UD_40_Monitor/ThinkVision_T27UD_40_Monitor_Spec.PDF#page=2,direct_specification,automated_extraction_checked_by_invariants,
MON-L038,max_refresh_hz,60,LENOVO-T27UD-40,2,data/raw/lenovo/LENOVO-T27UD-40.pdf,https://psref.lenovo.com/syspool/Sys/PDF/ThinkVision/ThinkVision_T27UD_40_Monitor/ThinkVision_T27UD_40_Monitor_Spec.PDF#page=2,direct_specification,automated_extraction_checked_by_invariants,Official Lenovo PSREF: 27-inch 3840x2160 at up to 60 Hz. USB-C video input; host power delivery up to 100 W.
MON-L038,usb_c_video,true,LENOVO-T27UD-40,4,data/raw/lenovo/LENOVO-T27UD-40.pdf,https://psref.lenovo.com/syspool/Sys/PDF/ThinkVision/ThinkVision_T27UD_40_Monitor/ThinkVision_T27UD_40_Monitor_Spec.PDF#page=4,direct_specification,automated_extraction_checked_by_invariants,Official Lenovo PSREF: 27-inch 3840x2160 at up to 60 Hz. USB-C video input; host power delivery up to 100 W.
MON-L038,usb_c_pd_watts,100,LENOVO-T27UD-40,4,data/raw/lenovo/LENOVO-T27UD-40.pdf,https://psref.lenovo.com/syspool/Sys/PDF/ThinkVision/ThinkVision_T27UD_40_Monitor/ThinkVision_T27UD_40_Monitor_Spec.PDF#page=4,direct_specification,automated_extraction_checked_by_invariants,Official Lenovo PSREF: 27-inch 3840x2160 at up to 60 Hz. USB-C video input; host power delivery up to 100 W.
MON-L038,usb_c_downstream_charge_watts,15,LENOVO-T27UD-40,4,data/raw/lenovo/LENOVO-T27UD-40.pdf,https://psref.lenovo.com/syspool/Sys/PDF/ThinkVision/ThinkVision_T27UD_40_Monitor/ThinkVision_T27UD_40_Monitor_Spec.PDF#page=4,direct_specification,automated_extraction_checked_by_invariants,Official Lenovo PSREF: 27-inch 3840x2160 at up to 60 Hz. USB-C video input; host power delivery up to 100 W.
MON-L038,video_inputs,"[""HDMI"", ""DisplayPort"", ""USB-C DP Alt Mode""]",LENOVO-T27UD-40,4,data/raw/lenovo/LENOVO-T27UD-40.pdf,https://psref.lenovo.com/syspool/Sys/PDF/ThinkVision/ThinkVision_T27UD_40_Monitor/ThinkVision_T27UD_40_Monitor_Spec.PDF#page=4,direct_specification,automated_extraction_checked_by_invariants,
MON-L039,model,"""P27QD-40""",LENOVO-P27QD-40,1,data/raw/lenovo/LENOVO-P27QD-40.pdf,https://psref.lenovo.com/syspool/Sys/PDF/ThinkVision/ThinkVision_P27QD_40_Monitor/ThinkVision_P27QD_40_Monitor_Spec.PDF#page=1,direct_specification,automated_extraction_checked_by_invariants,
MON-L039,screen_inches,27.0,LENOVO-P27QD-40,2,data/raw/lenovo/LENOVO-P27QD-40.pdf,https://psref.lenovo.com/syspool/Sys/PDF/ThinkVision/ThinkVision_P27QD_40_Monitor/ThinkVision_P27QD_40_Monitor_Spec.PDF#page=2,direct_specification,automated_extraction_checked_by_invariants,
MON-L039,resolution,"""2560x1440""",LENOVO-P27QD-40,2,data/raw/lenovo/LENOVO-P27QD-40.pdf,https://psref.lenovo.com/syspool/Sys/PDF/ThinkVision/ThinkVision_P27QD_40_Monitor/ThinkVision_P27QD_40_Monitor_Spec.PDF#page=2,direct_specification,automated_extraction_checked_by_invariants,
MON-L039,max_refresh_hz,120,LENOVO-P27QD-40,2,data/raw/lenovo/LENOVO-P27QD-40.pdf,https://psref.lenovo.com/syspool/Sys/PDF/ThinkVision/ThinkVision_P27QD_40_Monitor/ThinkVision_P27QD_40_Monitor_Spec.PDF#page=2,direct_specification,automated_extraction_checked_by_invariants,Official Lenovo PSREF: 27-inch 2560x1440 at up to 120 Hz. USB-C video input; host power delivery up to 140 W.
MON-L039,usb_c_video,true,LENOVO-P27QD-40,4,data/raw/lenovo/LENOVO-P27QD-40.pdf,https://psref.lenovo.com/syspool/Sys/PDF/ThinkVision/ThinkVision_P27QD_40_Monitor/ThinkVision_P27QD_40_Monitor_Spec.PDF#page=4,direct_specification,automated_extraction_checked_by_invariants,Official Lenovo PSREF: 27-inch 2560x1440 at up to 120 Hz. USB-C video input; host power delivery up to 140 W.
MON-L039,usb_c_pd_watts,140,LENOVO-P27QD-40,4,data/raw/lenovo/LENOVO-P27QD-40.pdf,https://psref.lenovo.com/syspool/Sys/PDF/ThinkVision/ThinkVision_P27QD_40_Monitor/ThinkVision_P27QD_40_Monitor_Spec.PDF#page=4,direct_specification,automated_extraction_checked_by_invariants,Official Lenovo PSREF: 27-inch 2560x1440 at up to 120 Hz. USB-C video input; host power delivery up to 140 W.
MON-L039,usb_c_downstream_charge_watts,15,LENOVO-P27QD-40,4,data/raw/lenovo/LENOVO-P27QD-40.pdf,https://psref.lenovo.com/syspool/Sys/PDF/ThinkVision/ThinkVision_P27QD_40_Monitor/ThinkVision_P27QD_40_Monitor_Spec.PDF#page=4,direct_specification,automated_extraction_checked_by_invariants,Official Lenovo PSREF: 27-inch 2560x1440 at up to 120 Hz. USB-C video input; host power delivery up to 140 W.
MON-L039,video_inputs,"[""HDMI"", ""DisplayPort"", ""USB-C DP Alt Mode""]",LENOVO-P27QD-40,4,data/raw/lenovo/LENOVO-P27QD-40.pdf,https://psref.lenovo.com/syspool/Sys/PDF/ThinkVision/ThinkVision_P27QD_40_Monitor/ThinkVision_P27QD_40_Monitor_Spec.PDF#page=4,direct_specification,automated_extraction_checked_by_invariants,
MON-L040,model,"""P34WD-40""",LENOVO-P34WD-40,1,data/raw/lenovo/LENOVO-P34WD-40.pdf,https://psref.lenovo.com/syspool/Sys/PDF/ThinkVision/ThinkVision_P34WD_40_Monitor/ThinkVision_P34WD_40_Monitor_Spec.PDF#page=1,direct_specification,automated_extraction_checked_by_invariants,
MON-L040,screen_inches,34.0,LENOVO-P34WD-40,2,data/raw/lenovo/LENOVO-P34WD-40.pdf,https://psref.lenovo.com/syspool/Sys/PDF/ThinkVision/ThinkVision_P34WD_40_Monitor/ThinkVision_P34WD_40_Monitor_Spec.PDF#page=2,direct_specification,automated_extraction_checked_by_invariants,
MON-L040,resolution,"""3440x1440""",LENOVO-P34WD-40,2,data/raw/lenovo/LENOVO-P34WD-40.pdf,https://psref.lenovo.com/syspool/Sys/PDF/ThinkVision/ThinkVision_P34WD_40_Monitor/ThinkVision_P34WD_40_Monitor_Spec.PDF#page=2,direct_specification,automated_extraction_checked_by_invariants,
MON-L040,max_refresh_hz,120,LENOVO-P34WD-40,2,data/raw/lenovo/LENOVO-P34WD-40.pdf,https://psref.lenovo.com/syspool/Sys/PDF/ThinkVision/ThinkVision_P34WD_40_Monitor/ThinkVision_P34WD_40_Monitor_Spec.PDF#page=2,direct_specification,automated_extraction_checked_by_invariants,Official Lenovo PSREF: 34-inch 3440x1440 at up to 120 Hz. USB-C video input; host power delivery up to 140 W.
MON-L040,usb_c_video,true,LENOVO-P34WD-40,4,data/raw/lenovo/LENOVO-P34WD-40.pdf,https://psref.lenovo.com/syspool/Sys/PDF/ThinkVision/ThinkVision_P34WD_40_Monitor/ThinkVision_P34WD_40_Monitor_Spec.PDF#page=4,direct_specification,automated_extraction_checked_by_invariants,Official Lenovo PSREF: 34-inch 3440x1440 at up to 120 Hz. USB-C video input; host power delivery up to 140 W.
MON-L040,usb_c_pd_watts,140,LENOVO-P34WD-40,4,data/raw/lenovo/LENOVO-P34WD-40.pdf,https://psref.lenovo.com/syspool/Sys/PDF/ThinkVision/ThinkVision_P34WD_40_Monitor/ThinkVision_P34WD_40_Monitor_Spec.PDF#page=4,direct_specification,automated_extraction_checked_by_invariants,Official Lenovo PSREF: 34-inch 3440x1440 at up to 120 Hz. USB-C video input; host power delivery up to 140 W.
MON-L040,usb_c_downstream_charge_watts,15,LENOVO-P34WD-40,4,data/raw/lenovo/LENOVO-P34WD-40.pdf,https://psref.lenovo.com/syspool/Sys/PDF/ThinkVision/ThinkVision_P34WD_40_Monitor/ThinkVision_P34WD_40_Monitor_Spec.PDF#page=4,direct_specification,automated_extraction_checked_by_invariants,Official Lenovo PSREF: 34-inch 3440x1440 at up to 120 Hz. USB-C video input; host power delivery up to 140 W.
MON-L040,video_inputs,"[""HDMI"", ""DisplayPort"", ""USB-C DP Alt Mode""]",LENOVO-P34WD-40,4,data/raw/lenovo/LENOVO-P34WD-40.pdf,https://psref.lenovo.com/syspool/Sys/PDF/ThinkVision/ThinkVision_P34WD_40_Monitor/ThinkVision_P34WD_40_Monitor_Spec.PDF#page=4,direct_specification,automated_extraction_checked_by_invariants,
MON-L041,model,"""T27QD-40""",LENOVO-T27QD-40,1,data/raw/lenovo/LENOVO-T27QD-40.pdf,https://psref.lenovo.com/syspool/Sys/PDF/ThinkVision/ThinkVision_T27QD_40_Monitor/ThinkVision_T27QD_40_Monitor_Spec.PDF#page=1,direct_specification,automated_extraction_checked_by_invariants,
MON-L041,screen_inches,27.0,LENOVO-T27QD-40,2,data/raw/lenovo/LENOVO-T27QD-40.pdf,https://psref.lenovo.com/syspool/Sys/PDF/ThinkVision/ThinkVision_T27QD_40_Monitor/ThinkVision_T27QD_40_Monitor_Spec.PDF#page=2,direct_specification,automated_extraction_checked_by_invariants,
MON-L041,resolution,"""2560x1440""",LENOVO-T27QD-40,2,data/raw/lenovo/LENOVO-T27QD-40.pdf,https://psref.lenovo.com/syspool/Sys/PDF/ThinkVision/ThinkVision_T27QD_40_Monitor/ThinkVision_T27QD_40_Monitor_Spec.PDF#page=2,direct_specification,automated_extraction_checked_by_invariants,
MON-L041,max_refresh_hz,120,LENOVO-T27QD-40,2,data/raw/lenovo/LENOVO-T27QD-40.pdf,https://psref.lenovo.com/syspool/Sys/PDF/ThinkVision/ThinkVision_T27QD_40_Monitor/ThinkVision_T27QD_40_Monitor_Spec.PDF#page=2,direct_specification,automated_extraction_checked_by_invariants,Official Lenovo PSREF: 27-inch 2560x1440 at up to 120 Hz. USB-C video input; host power delivery up to 100 W.
MON-L041,usb_c_video,true,LENOVO-T27QD-40,4,data/raw/lenovo/LENOVO-T27QD-40.pdf,https://psref.lenovo.com/syspool/Sys/PDF/ThinkVision/ThinkVision_T27QD_40_Monitor/ThinkVision_T27QD_40_Monitor_Spec.PDF#page=4,direct_specification,automated_extraction_checked_by_invariants,Official Lenovo PSREF: 27-inch 2560x1440 at up to 120 Hz. USB-C video input; host power delivery up to 100 W.
MON-L041,usb_c_pd_watts,100,LENOVO-T27QD-40,4,data/raw/lenovo/LENOVO-T27QD-40.pdf,https://psref.lenovo.com/syspool/Sys/PDF/ThinkVision/ThinkVision_T27QD_40_Monitor/ThinkVision_T27QD_40_Monitor_Spec.PDF#page=4,direct_specification,automated_extraction_checked_by_invariants,Official Lenovo PSREF: 27-inch 2560x1440 at up to 120 Hz. USB-C video input; host power delivery up to 100 W.
MON-L041,usb_c_downstream_charge_watts,15,LENOVO-T27QD-40,4,data/raw/lenovo/LENOVO-T27QD-40.pdf,https://psref.lenovo.com/syspool/Sys/PDF/ThinkVision/ThinkVision_T27QD_40_Monitor/ThinkVision_T27QD_40_Monitor_Spec.PDF#page=4,direct_specification,automated_extraction_checked_by_invariants,Official Lenovo PSREF: 27-inch 2560x1440 at up to 120 Hz. USB-C video input; host power delivery up to 100 W.
MON-L041,video_inputs,"[""HDMI"", ""DisplayPort"", ""USB-C DP Alt Mode""]",LENOVO-T27QD-40,4,data/raw/lenovo/LENOVO-T27QD-40.pdf,https://psref.lenovo.com/syspool/Sys/PDF/ThinkVision/ThinkVision_T27QD_40_Monitor/ThinkVision_T27QD_40_Monitor_Spec.PDF#page=4,direct_specification,automated_extraction_checked_by_invariants,
MON-L042,model,"""T34WD-40""",LENOVO-T34WD-40,1,data/raw/lenovo/LENOVO-T34WD-40.pdf,https://psref.lenovo.com/syspool/Sys/PDF/ThinkVision/ThinkVision_T34WD_40_Monitor/ThinkVision_T34WD_40_Monitor_Spec.PDF#page=1,direct_specification,automated_extraction_checked_by_invariants,
MON-L042,screen_inches,34.0,LENOVO-T34WD-40,2,data/raw/lenovo/LENOVO-T34WD-40.pdf,https://psref.lenovo.com/syspool/Sys/PDF/ThinkVision/ThinkVision_T34WD_40_Monitor/ThinkVision_T34WD_40_Monitor_Spec.PDF#page=2,direct_specification,automated_extraction_checked_by_invariants,
MON-L042,resolution,"""3440x1440""",LENOVO-T34WD-40,2,data/raw/lenovo/LENOVO-T34WD-40.pdf,https://psref.lenovo.com/syspool/Sys/PDF/ThinkVision/ThinkVision_T34WD_40_Monitor/ThinkVision_T34WD_40_Monitor_Spec.PDF#page=2,direct_specification,automated_extraction_checked_by_invariants,
MON-L042,max_refresh_hz,120,LENOVO-T34WD-40,2,data/raw/lenovo/LENOVO-T34WD-40.pdf,https://psref.lenovo.com/syspool/Sys/PDF/ThinkVision/ThinkVision_T34WD_40_Monitor/ThinkVision_T34WD_40_Monitor_Spec.PDF#page=2,direct_specification,automated_extraction_checked_by_invariants,Official Lenovo PSREF: 34-inch 3440x1440 at up to 120 Hz. USB-C video input; host power delivery up to 100 W.
MON-L042,usb_c_video,true,LENOVO-T34WD-40,4,data/raw/lenovo/LENOVO-T34WD-40.pdf,https://psref.lenovo.com/syspool/Sys/PDF/ThinkVision/ThinkVision_T34WD_40_Monitor/ThinkVision_T34WD_40_Monitor_Spec.PDF#page=4,direct_specification,automated_extraction_checked_by_invariants,Official Lenovo PSREF: 34-inch 3440x1440 at up to 120 Hz. USB-C video input; host power delivery up to 100 W.
MON-L042,usb_c_pd_watts,100,LENOVO-T34WD-40,4,data/raw/lenovo/LENOVO-T34WD-40.pdf,https://psref.lenovo.com/syspool/Sys/PDF/ThinkVision/ThinkVision_T34WD_40_Monitor/ThinkVision_T34WD_40_Monitor_Spec.PDF#page=4,direct_specification,automated_extraction_checked_by_invariants,Official Lenovo PSREF: 34-inch 3440x1440 at up to 120 Hz. USB-C video input; host power delivery up to 100 W.
MON-L042,usb_c_downstream_charge_watts,15,LENOVO-T34WD-40,4,data/raw/lenovo/LENOVO-T34WD-40.pdf,https://psref.lenovo.com/syspool/Sys/PDF/ThinkVision/ThinkVision_T34WD_40_Monitor/ThinkVision_T34WD_40_Monitor_Spec.PDF#page=4,direct_specification,automated_extraction_checked_by_invariants,Official Lenovo PSREF: 34-inch 3440x1440 at up to 120 Hz. USB-C video input; host power delivery up to 100 W.
MON-L042,video_inputs,"[""HDMI"", ""DisplayPort"", ""USB-C DP Alt Mode""]",LENOVO-T34WD-40,4,data/raw/lenovo/LENOVO-T34WD-40.pdf,https://psref.lenovo.com/syspool/Sys/PDF/ThinkVision/ThinkVision_T34WD_40_Monitor/ThinkVision_T34WD_40_Monitor_Spec.PDF#page=4,direct_specification,automated_extraction_checked_by_invariants,
MON-L043,model,"""C22-39""",LENOVO-C22-39,1,data/raw/lenovo/LENOVO-C22-39.pdf,https://psref.lenovo.com/syspool/Sys/PDF/Lenovo_Monitors/Lenovo_C22_39_Monitor/Lenovo_C22_39_Monitor_Spec.PDF#page=1,direct_specification,automated_extraction_checked_by_invariants,
MON-L043,screen_inches,21.5,LENOVO-C22-39,2,data/raw/lenovo/LENOVO-C22-39.pdf,https://psref.lenovo.com/syspool/Sys/PDF/Lenovo_Monitors/Lenovo_C22_39_Monitor/Lenovo_C22_39_Monitor_Spec.PDF#page=2,direct_specification,automated_extraction_checked_by_invariants,
MON-L043,resolution,"""1920x1080""",LENOVO-C22-39,2,data/raw/lenovo/LENOVO-C22-39.pdf,https://psref.lenovo.com/syspool/Sys/PDF/Lenovo_Monitors/Lenovo_C22_39_Monitor/Lenovo_C22_39_Monitor_Spec.PDF#page=2,direct_specification,automated_extraction_checked_by_invariants,
MON-L043,max_refresh_hz,75,LENOVO-C22-39,2,data/raw/lenovo/LENOVO-C22-39.pdf,https://psref.lenovo.com/syspool/Sys/PDF/Lenovo_Monitors/Lenovo_C22_39_Monitor/Lenovo_C22_39_Monitor_Spec.PDF#page=2,direct_specification,automated_extraction_checked_by_invariants,Official Lenovo PSREF: 21.5-inch 1920x1080 at up to 75 Hz. No USB-C video input is listed.
MON-L043,usb_c_video,false,LENOVO-C22-39,3,data/raw/lenovo/LENOVO-C22-39.pdf,https://psref.lenovo.com/syspool/Sys/PDF/Lenovo_Monitors/Lenovo_C22_39_Monitor/Lenovo_C22_39_Monitor_Spec.PDF#page=3,normalized_from_exhaustive_connectivity_list_and_port_direction,automated_extraction_checked_by_invariants,Official Lenovo PSREF: 21.5-inch 1920x1080 at up to 75 Hz. No USB-C video input is listed.
MON-L043,usb_c_pd_watts,0,LENOVO-C22-39,3,data/raw/lenovo/LENOVO-C22-39.pdf,https://psref.lenovo.com/syspool/Sys/PDF/Lenovo_Monitors/Lenovo_C22_39_Monitor/Lenovo_C22_39_Monitor_Spec.PDF#page=3,normalized_from_exhaustive_connectivity_list_and_port_direction,automated_extraction_checked_by_invariants,Official Lenovo PSREF: 21.5-inch 1920x1080 at up to 75 Hz. No USB-C video input is listed.
MON-L043,usb_c_downstream_charge_watts,0,LENOVO-C22-39,3,data/raw/lenovo/LENOVO-C22-39.pdf,https://psref.lenovo.com/syspool/Sys/PDF/Lenovo_Monitors/Lenovo_C22_39_Monitor/Lenovo_C22_39_Monitor_Spec.PDF#page=3,no_usb_connector_in_connectivity_list,automated_extraction_checked_by_invariants,Official Lenovo PSREF: 21.5-inch 1920x1080 at up to 75 Hz. No USB-C video input is listed.
MON-L043,video_inputs,"[""HDMI"", ""VGA""]",LENOVO-C22-39,3,data/raw/lenovo/LENOVO-C22-39.pdf,https://psref.lenovo.com/syspool/Sys/PDF/Lenovo_Monitors/Lenovo_C22_39_Monitor/Lenovo_C22_39_Monitor_Spec.PDF#page=3,direct_specification,automated_extraction_checked_by_invariants,
MON-L044,model,"""C20-39""",LENOVO-C20-39,1,data/raw/lenovo/LENOVO-C20-39.pdf,https://psref.lenovo.com/syspool/Sys/PDF/Lenovo_Monitors/Lenovo_C20_39_Monitor/Lenovo_C20_39_Monitor_Spec.PDF#page=1,direct_specification,automated_extraction_checked_by_invariants,
MON-L044,screen_inches,19.5,LENOVO-C20-39,2,data/raw/lenovo/LENOVO-C20-39.pdf,https://psref.lenovo.com/syspool/Sys/PDF/Lenovo_Monitors/Lenovo_C20_39_Monitor/Lenovo_C20_39_Monitor_Spec.PDF#page=2,direct_specification,automated_extraction_checked_by_invariants,
MON-L044,resolution,"""1600x900""",LENOVO-C20-39,2,data/raw/lenovo/LENOVO-C20-39.pdf,https://psref.lenovo.com/syspool/Sys/PDF/Lenovo_Monitors/Lenovo_C20_39_Monitor/Lenovo_C20_39_Monitor_Spec.PDF#page=2,direct_specification,automated_extraction_checked_by_invariants,
MON-L044,max_refresh_hz,60,LENOVO-C20-39,2,data/raw/lenovo/LENOVO-C20-39.pdf,https://psref.lenovo.com/syspool/Sys/PDF/Lenovo_Monitors/Lenovo_C20_39_Monitor/Lenovo_C20_39_Monitor_Spec.PDF#page=2,direct_specification,automated_extraction_checked_by_invariants,Official Lenovo PSREF: 19.5-inch 1600x900 at up to 60 Hz. No USB-C video input is listed.
MON-L044,usb_c_video,false,LENOVO-C20-39,3,data/raw/lenovo/LENOVO-C20-39.pdf,https://psref.lenovo.com/syspool/Sys/PDF/Lenovo_Monitors/Lenovo_C20_39_Monitor/Lenovo_C20_39_Monitor_Spec.PDF#page=3,normalized_from_exhaustive_connectivity_list_and_port_direction,automated_extraction_checked_by_invariants,Official Lenovo PSREF: 19.5-inch 1600x900 at up to 60 Hz. No USB-C video input is listed.
MON-L044,usb_c_pd_watts,0,LENOVO-C20-39,3,data/raw/lenovo/LENOVO-C20-39.pdf,https://psref.lenovo.com/syspool/Sys/PDF/Lenovo_Monitors/Lenovo_C20_39_Monitor/Lenovo_C20_39_Monitor_Spec.PDF#page=3,normalized_from_exhaustive_connectivity_list_and_port_direction,automated_extraction_checked_by_invariants,Official Lenovo PSREF: 19.5-inch 1600x900 at up to 60 Hz. No USB-C video input is listed.
MON-L044,usb_c_downstream_charge_watts,0,LENOVO-C20-39,3,data/raw/lenovo/LENOVO-C20-39.pdf,https://psref.lenovo.com/syspool/Sys/PDF/Lenovo_Monitors/Lenovo_C20_39_Monitor/Lenovo_C20_39_Monitor_Spec.PDF#page=3,no_usb_connector_in_connectivity_list,automated_extraction_checked_by_invariants,Official Lenovo PSREF: 19.5-inch 1600x900 at up to 60 Hz. No USB-C video input is listed.
MON-L044,video_inputs,"[""HDMI"", ""VGA""]",LENOVO-C20-39,3,data/raw/lenovo/LENOVO-C20-39.pdf,https://psref.lenovo.com/syspool/Sys/PDF/Lenovo_Monitors/Lenovo_C20_39_Monitor/Lenovo_C20_39_Monitor_Spec.PDF#page=3,direct_specification,automated_extraction_checked_by_invariants,
MON-L045,model,"""S24-4e""",LENOVO-S24-4E,1,data/raw/lenovo/LENOVO-S24-4E.pdf,https://psref.lenovo.com/syspool/Sys/PDF/ThinkVision/ThinkVision_S24_4e_Monitor/ThinkVision_S24_4e_Monitor_Spec.PDF#page=1,direct_specification,automated_extraction_checked_by_invariants,
MON-L045,screen_inches,23.8,LENOVO-S24-4E,2,data/raw/lenovo/LENOVO-S24-4E.pdf,https://psref.lenovo.com/syspool/Sys/PDF/ThinkVision/ThinkVision_S24_4e_Monitor/ThinkVision_S24_4e_Monitor_Spec.PDF#page=2,direct_specification,automated_extraction_checked_by_invariants,
MON-L045,resolution,"""1920x1080""",LENOVO-S24-4E,2,data/raw/lenovo/LENOVO-S24-4E.pdf,https://psref.lenovo.com/syspool/Sys/PDF/ThinkVision/ThinkVision_S24_4e_Monitor/ThinkVision_S24_4e_Monitor_Spec.PDF#page=2,direct_specification,automated_extraction_checked_by_invariants,
MON-L045,max_refresh_hz,100,LENOVO-S24-4E,2,data/raw/lenovo/LENOVO-S24-4E.pdf,https://psref.lenovo.com/syspool/Sys/PDF/ThinkVision/ThinkVision_S24_4e_Monitor/ThinkVision_S24_4e_Monitor_Spec.PDF#page=2,direct_specification,automated_extraction_checked_by_invariants,Official Lenovo PSREF: 23.8-inch 1920x1080 at up to 100 Hz. No USB-C video input is listed.
MON-L045,usb_c_video,false,LENOVO-S24-4E,4,data/raw/lenovo/LENOVO-S24-4E.pdf,https://psref.lenovo.com/syspool/Sys/PDF/ThinkVision/ThinkVision_S24_4e_Monitor/ThinkVision_S24_4e_Monitor_Spec.PDF#page=4,normalized_from_exhaustive_connectivity_list_and_port_direction,automated_extraction_checked_by_invariants,Official Lenovo PSREF: 23.8-inch 1920x1080 at up to 100 Hz. No USB-C video input is listed.
MON-L045,usb_c_pd_watts,0,LENOVO-S24-4E,4,data/raw/lenovo/LENOVO-S24-4E.pdf,https://psref.lenovo.com/syspool/Sys/PDF/ThinkVision/ThinkVision_S24_4e_Monitor/ThinkVision_S24_4e_Monitor_Spec.PDF#page=4,normalized_from_exhaustive_connectivity_list_and_port_direction,automated_extraction_checked_by_invariants,Official Lenovo PSREF: 23.8-inch 1920x1080 at up to 100 Hz. No USB-C video input is listed.
MON-L045,usb_c_downstream_charge_watts,0,LENOVO-S24-4E,4,data/raw/lenovo/LENOVO-S24-4E.pdf,https://psref.lenovo.com/syspool/Sys/PDF/ThinkVision/ThinkVision_S24_4e_Monitor/ThinkVision_S24_4e_Monitor_Spec.PDF#page=4,no_usb_connector_in_connectivity_list,automated_extraction_checked_by_invariants,Official Lenovo PSREF: 23.8-inch 1920x1080 at up to 100 Hz. No USB-C video input is listed.
MON-L045,video_inputs,"[""HDMI"", ""VGA""]",LENOVO-S24-4E,4,data/raw/lenovo/LENOVO-S24-4E.pdf,https://psref.lenovo.com/syspool/Sys/PDF/ThinkVision/ThinkVision_S24_4e_Monitor/ThinkVision_S24_4e_Monitor_Spec.PDF#page=4,direct_specification,automated_extraction_checked_by_invariants,
MON-L046,model,"""P27Q-40""",LENOVO-P27Q-40,1,data/raw/lenovo/LENOVO-P27Q-40.pdf,https://psref.lenovo.com/syspool/Sys/PDF/ThinkVision/ThinkVision_P27Q_40_Monitor/ThinkVision_P27Q_40_Monitor_Spec.PDF#page=1,direct_specification,automated_extraction_checked_by_invariants,
MON-L046,screen_inches,27.0,LENOVO-P27Q-40,2,data/raw/lenovo/LENOVO-P27Q-40.pdf,https://psref.lenovo.com/syspool/Sys/PDF/ThinkVision/ThinkVision_P27Q_40_Monitor/ThinkVision_P27Q_40_Monitor_Spec.PDF#page=2,direct_specification,automated_extraction_checked_by_invariants,
MON-L046,resolution,"""2560x1440""",LENOVO-P27Q-40,2,data/raw/lenovo/LENOVO-P27Q-40.pdf,https://psref.lenovo.com/syspool/Sys/PDF/ThinkVision/ThinkVision_P27Q_40_Monitor/ThinkVision_P27Q_40_Monitor_Spec.PDF#page=2,direct_specification,automated_extraction_checked_by_invariants,
MON-L046,max_refresh_hz,120,LENOVO-P27Q-40,2,data/raw/lenovo/LENOVO-P27Q-40.pdf,https://psref.lenovo.com/syspool/Sys/PDF/ThinkVision/ThinkVision_P27Q_40_Monitor/ThinkVision_P27Q_40_Monitor_Spec.PDF#page=2,direct_specification,automated_extraction_checked_by_invariants,Official Lenovo PSREF: 27-inch 2560x1440 at up to 120 Hz. USB-C is downstream/data only (15 W maximum recorded); it is not a host video input.
MON-L046,usb_c_video,false,LENOVO-P27Q-40,4,data/raw/lenovo/LENOVO-P27Q-40.pdf,https://psref.lenovo.com/syspool/Sys/PDF/ThinkVision/ThinkVision_P27Q_40_Monitor/ThinkVision_P27Q_40_Monitor_Spec.PDF#page=4,normalized_from_exhaustive_connectivity_list_and_port_direction,automated_extraction_checked_by_invariants,Official Lenovo PSREF: 27-inch 2560x1440 at up to 120 Hz. USB-C is downstream/data only (15 W maximum recorded); it is not a host video input.
MON-L046,usb_c_pd_watts,0,LENOVO-P27Q-40,4,data/raw/lenovo/LENOVO-P27Q-40.pdf,https://psref.lenovo.com/syspool/Sys/PDF/ThinkVision/ThinkVision_P27Q_40_Monitor/ThinkVision_P27Q_40_Monitor_Spec.PDF#page=4,normalized_from_exhaustive_connectivity_list_and_port_direction,automated_extraction_checked_by_invariants,Official Lenovo PSREF: 27-inch 2560x1440 at up to 120 Hz. USB-C is downstream/data only (15 W maximum recorded); it is not a host video input.
MON-L046,usb_c_downstream_charge_watts,15,LENOVO-P27Q-40,4,data/raw/lenovo/LENOVO-P27Q-40.pdf,https://psref.lenovo.com/syspool/Sys/PDF/ThinkVision/ThinkVision_P27Q_40_Monitor/ThinkVision_P27Q_40_Monitor_Spec.PDF#page=4,direct_specification,automated_extraction_checked_by_invariants,Official Lenovo PSREF: 27-inch 2560x1440 at up to 120 Hz. USB-C is downstream/data only (15 W maximum recorded); it is not a host video input.
MON-L046,video_inputs,"[""HDMI"", ""DisplayPort""]",LENOVO-P27Q-40,4,data/raw/lenovo/LENOVO-P27Q-40.pdf,https://psref.lenovo.com/syspool/Sys/PDF/ThinkVision/ThinkVision_P27Q_40_Monitor/ThinkVision_P27Q_40_Monitor_Spec.PDF#page=4,direct_specification,automated_extraction_checked_by_invariants,
MON-L047,model,"""T27Q-40""",LENOVO-T27Q-40,1,data/raw/lenovo/LENOVO-T27Q-40.pdf,https://psref.lenovo.com/syspool/Sys/PDF/ThinkVision/ThinkVision_T27Q_40_Monitor/ThinkVision_T27Q_40_Monitor_Spec.PDF#page=1,direct_specification,automated_extraction_checked_by_invariants,
MON-L047,screen_inches,27.0,LENOVO-T27Q-40,2,data/raw/lenovo/LENOVO-T27Q-40.pdf,https://psref.lenovo.com/syspool/Sys/PDF/ThinkVision/ThinkVision_T27Q_40_Monitor/ThinkVision_T27Q_40_Monitor_Spec.PDF#page=2,direct_specification,automated_extraction_checked_by_invariants,
MON-L047,resolution,"""2560x1440""",LENOVO-T27Q-40,2,data/raw/lenovo/LENOVO-T27Q-40.pdf,https://psref.lenovo.com/syspool/Sys/PDF/ThinkVision/ThinkVision_T27Q_40_Monitor/ThinkVision_T27Q_40_Monitor_Spec.PDF#page=2,direct_specification,automated_extraction_checked_by_invariants,
MON-L047,max_refresh_hz,120,LENOVO-T27Q-40,2,data/raw/lenovo/LENOVO-T27Q-40.pdf,https://psref.lenovo.com/syspool/Sys/PDF/ThinkVision/ThinkVision_T27Q_40_Monitor/ThinkVision_T27Q_40_Monitor_Spec.PDF#page=2,direct_specification,automated_extraction_checked_by_invariants,Official Lenovo PSREF: 27-inch 2560x1440 at up to 120 Hz. USB-C is downstream/data only (15 W maximum recorded); it is not a host video input.
MON-L047,usb_c_video,false,LENOVO-T27Q-40,4,data/raw/lenovo/LENOVO-T27Q-40.pdf,https://psref.lenovo.com/syspool/Sys/PDF/ThinkVision/ThinkVision_T27Q_40_Monitor/ThinkVision_T27Q_40_Monitor_Spec.PDF#page=4,normalized_from_exhaustive_connectivity_list_and_port_direction,automated_extraction_checked_by_invariants,Official Lenovo PSREF: 27-inch 2560x1440 at up to 120 Hz. USB-C is downstream/data only (15 W maximum recorded); it is not a host video input.
MON-L047,usb_c_pd_watts,0,LENOVO-T27Q-40,4,data/raw/lenovo/LENOVO-T27Q-40.pdf,https://psref.lenovo.com/syspool/Sys/PDF/ThinkVision/ThinkVision_T27Q_40_Monitor/ThinkVision_T27Q_40_Monitor_Spec.PDF#page=4,normalized_from_exhaustive_connectivity_list_and_port_direction,automated_extraction_checked_by_invariants,Official Lenovo PSREF: 27-inch 2560x1440 at up to 120 Hz. USB-C is downstream/data only (15 W maximum recorded); it is not a host video input.
MON-L047,usb_c_downstream_charge_watts,15,LENOVO-T27Q-40,4,data/raw/lenovo/LENOVO-T27Q-40.pdf,https://psref.lenovo.com/syspool/Sys/PDF/ThinkVision/ThinkVision_T27Q_40_Monitor/ThinkVision_T27Q_40_Monitor_Spec.PDF#page=4,direct_specification,automated_extraction_checked_by_invariants,Official Lenovo PSREF: 27-inch 2560x1440 at up to 120 Hz. USB-C is downstream/data only (15 W maximum recorded); it is not a host video input.
MON-L047,video_inputs,"[""HDMI"", ""DisplayPort""]",LENOVO-T27Q-40,4,data/raw/lenovo/LENOVO-T27Q-40.pdf,https://psref.lenovo.com/syspool/Sys/PDF/ThinkVision/ThinkVision_T27Q_40_Monitor/ThinkVision_T27Q_40_Monitor_Spec.PDF#page=4,direct_specification,automated_extraction_checked_by_invariants,
MON-L048,model,"""L24-4e""",LENOVO-L24-4E,1,data/raw/lenovo/LENOVO-L24-4E.pdf,https://psref.lenovo.com/syspool/Sys/PDF/Lenovo_Monitors/Lenovo_L24_4e_Monitor/Lenovo_L24_4e_Monitor_Spec.PDF#page=1,direct_specification,automated_extraction_checked_by_invariants,
MON-L048,screen_inches,23.8,LENOVO-L24-4E,2,data/raw/lenovo/LENOVO-L24-4E.pdf,https://psref.lenovo.com/syspool/Sys/PDF/Lenovo_Monitors/Lenovo_L24_4e_Monitor/Lenovo_L24_4e_Monitor_Spec.PDF#page=2,direct_specification,automated_extraction_checked_by_invariants,
MON-L048,resolution,"""1920x1080""",LENOVO-L24-4E,2,data/raw/lenovo/LENOVO-L24-4E.pdf,https://psref.lenovo.com/syspool/Sys/PDF/Lenovo_Monitors/Lenovo_L24_4e_Monitor/Lenovo_L24_4e_Monitor_Spec.PDF#page=2,direct_specification,automated_extraction_checked_by_invariants,
MON-L048,max_refresh_hz,100,LENOVO-L24-4E,2,data/raw/lenovo/LENOVO-L24-4E.pdf,https://psref.lenovo.com/syspool/Sys/PDF/Lenovo_Monitors/Lenovo_L24_4e_Monitor/Lenovo_L24_4e_Monitor_Spec.PDF#page=2,direct_specification,automated_extraction_checked_by_invariants,Official Lenovo PSREF: 23.8-inch 1920x1080 at up to 100 Hz. No USB-C video input is listed.
MON-L048,usb_c_video,false,LENOVO-L24-4E,3,data/raw/lenovo/LENOVO-L24-4E.pdf,https://psref.lenovo.com/syspool/Sys/PDF/Lenovo_Monitors/Lenovo_L24_4e_Monitor/Lenovo_L24_4e_Monitor_Spec.PDF#page=3,normalized_from_exhaustive_connectivity_list_and_port_direction,automated_extraction_checked_by_invariants,Official Lenovo PSREF: 23.8-inch 1920x1080 at up to 100 Hz. No USB-C video input is listed.
MON-L048,usb_c_pd_watts,0,LENOVO-L24-4E,3,data/raw/lenovo/LENOVO-L24-4E.pdf,https://psref.lenovo.com/syspool/Sys/PDF/Lenovo_Monitors/Lenovo_L24_4e_Monitor/Lenovo_L24_4e_Monitor_Spec.PDF#page=3,normalized_from_exhaustive_connectivity_list_and_port_direction,automated_extraction_checked_by_invariants,Official Lenovo PSREF: 23.8-inch 1920x1080 at up to 100 Hz. No USB-C video input is listed.
MON-L048,usb_c_downstream_charge_watts,0,LENOVO-L24-4E,3,data/raw/lenovo/LENOVO-L24-4E.pdf,https://psref.lenovo.com/syspool/Sys/PDF/Lenovo_Monitors/Lenovo_L24_4e_Monitor/Lenovo_L24_4e_Monitor_Spec.PDF#page=3,no_usb_connector_in_connectivity_list,automated_extraction_checked_by_invariants,Official Lenovo PSREF: 23.8-inch 1920x1080 at up to 100 Hz. No USB-C video input is listed.
MON-L048,video_inputs,"[""HDMI""]",LENOVO-L24-4E,3,data/raw/lenovo/LENOVO-L24-4E.pdf,https://psref.lenovo.com/syspool/Sys/PDF/Lenovo_Monitors/Lenovo_L24_4e_Monitor/Lenovo_L24_4e_Monitor_Spec.PDF#page=3,direct_specification,automated_extraction_checked_by_invariants,
MON-L049,model,"""T27-40""",LENOVO-T27-40,1,data/raw/lenovo/LENOVO-T27-40.pdf,https://psref.lenovo.com/syspool/Sys/PDF/ThinkVision/ThinkVision_T27_40_Monitor/ThinkVision_T27_40_Monitor_Spec.PDF#page=1,direct_specification,automated_extraction_checked_by_invariants,
MON-L049,screen_inches,27.0,LENOVO-T27-40,2,data/raw/lenovo/LENOVO-T27-40.pdf,https://psref.lenovo.com/syspool/Sys/PDF/ThinkVision/ThinkVision_T27_40_Monitor/ThinkVision_T27_40_Monitor_Spec.PDF#page=2,direct_specification,automated_extraction_checked_by_invariants,
MON-L049,resolution,"""1920x1080""",LENOVO-T27-40,2,data/raw/lenovo/LENOVO-T27-40.pdf,https://psref.lenovo.com/syspool/Sys/PDF/ThinkVision/ThinkVision_T27_40_Monitor/ThinkVision_T27_40_Monitor_Spec.PDF#page=2,direct_specification,automated_extraction_checked_by_invariants,
MON-L049,max_refresh_hz,120,LENOVO-T27-40,2,data/raw/lenovo/LENOVO-T27-40.pdf,https://psref.lenovo.com/syspool/Sys/PDF/ThinkVision/ThinkVision_T27_40_Monitor/ThinkVision_T27_40_Monitor_Spec.PDF#page=2,direct_specification,automated_extraction_checked_by_invariants,Official Lenovo PSREF: 27-inch 1920x1080 at up to 120 Hz. USB-C is downstream/data only (15 W maximum recorded); it is not a host video input.
MON-L049,usb_c_video,false,LENOVO-T27-40,4,data/raw/lenovo/LENOVO-T27-40.pdf,https://psref.lenovo.com/syspool/Sys/PDF/ThinkVision/ThinkVision_T27_40_Monitor/ThinkVision_T27_40_Monitor_Spec.PDF#page=4,normalized_from_exhaustive_connectivity_list_and_port_direction,automated_extraction_checked_by_invariants,Official Lenovo PSREF: 27-inch 1920x1080 at up to 120 Hz. USB-C is downstream/data only (15 W maximum recorded); it is not a host video input.
MON-L049,usb_c_pd_watts,0,LENOVO-T27-40,4,data/raw/lenovo/LENOVO-T27-40.pdf,https://psref.lenovo.com/syspool/Sys/PDF/ThinkVision/ThinkVision_T27_40_Monitor/ThinkVision_T27_40_Monitor_Spec.PDF#page=4,normalized_from_exhaustive_connectivity_list_and_port_direction,automated_extraction_checked_by_invariants,Official Lenovo PSREF: 27-inch 1920x1080 at up to 120 Hz. USB-C is downstream/data only (15 W maximum recorded); it is not a host video input.
MON-L049,usb_c_downstream_charge_watts,15,LENOVO-T27-40,4,data/raw/lenovo/LENOVO-T27-40.pdf,https://psref.lenovo.com/syspool/Sys/PDF/ThinkVision/ThinkVision_T27_40_Monitor/ThinkVision_T27_40_Monitor_Spec.PDF#page=4,direct_specification,automated_extraction_checked_by_invariants,Official Lenovo PSREF: 27-inch 1920x1080 at up to 120 Hz. USB-C is downstream/data only (15 W maximum recorded); it is not a host video input.
MON-L049,video_inputs,"[""HDMI"", ""DisplayPort"", ""VGA""]",LENOVO-T27-40,4,data/raw/lenovo/LENOVO-T27-40.pdf,https://psref.lenovo.com/syspool/Sys/PDF/ThinkVision/ThinkVision_T27_40_Monitor/ThinkVision_T27_40_Monitor_Spec.PDF#page=4,direct_specification,automated_extraction_checked_by_invariants,
MON-L050,model,"""T24-40""",LENOVO-T24-40,1,data/raw/lenovo/LENOVO-T24-40.pdf,https://psref.lenovo.com/syspool/Sys/PDF/ThinkVision/ThinkVision_T24_40_Monitor/ThinkVision_T24_40_Monitor_Spec.PDF#page=1,direct_specification,automated_extraction_checked_by_invariants,
MON-L050,screen_inches,23.8,LENOVO-T24-40,2,data/raw/lenovo/LENOVO-T24-40.pdf,https://psref.lenovo.com/syspool/Sys/PDF/ThinkVision/ThinkVision_T24_40_Monitor/ThinkVision_T24_40_Monitor_Spec.PDF#page=2,direct_specification,automated_extraction_checked_by_invariants,
MON-L050,resolution,"""1920x1080""",LENOVO-T24-40,2,data/raw/lenovo/LENOVO-T24-40.pdf,https://psref.lenovo.com/syspool/Sys/PDF/ThinkVision/ThinkVision_T24_40_Monitor/ThinkVision_T24_40_Monitor_Spec.PDF#page=2,direct_specification,automated_extraction_checked_by_invariants,
MON-L050,max_refresh_hz,120,LENOVO-T24-40,2,data/raw/lenovo/LENOVO-T24-40.pdf,https://psref.lenovo.com/syspool/Sys/PDF/ThinkVision/ThinkVision_T24_40_Monitor/ThinkVision_T24_40_Monitor_Spec.PDF#page=2,direct_specification,automated_extraction_checked_by_invariants,Official Lenovo PSREF: 23.8-inch 1920x1080 at up to 120 Hz. USB-C is downstream/data only (15 W maximum recorded); it is not a host video input.
MON-L050,usb_c_video,false,LENOVO-T24-40,4,data/raw/lenovo/LENOVO-T24-40.pdf,https://psref.lenovo.com/syspool/Sys/PDF/ThinkVision/ThinkVision_T24_40_Monitor/ThinkVision_T24_40_Monitor_Spec.PDF#page=4,normalized_from_exhaustive_connectivity_list_and_port_direction,automated_extraction_checked_by_invariants,Official Lenovo PSREF: 23.8-inch 1920x1080 at up to 120 Hz. USB-C is downstream/data only (15 W maximum recorded); it is not a host video input.
MON-L050,usb_c_pd_watts,0,LENOVO-T24-40,4,data/raw/lenovo/LENOVO-T24-40.pdf,https://psref.lenovo.com/syspool/Sys/PDF/ThinkVision/ThinkVision_T24_40_Monitor/ThinkVision_T24_40_Monitor_Spec.PDF#page=4,normalized_from_exhaustive_connectivity_list_and_port_direction,automated_extraction_checked_by_invariants,Official Lenovo PSREF: 23.8-inch 1920x1080 at up to 120 Hz. USB-C is downstream/data only (15 W maximum recorded); it is not a host video input.
MON-L050,usb_c_downstream_charge_watts,15,LENOVO-T24-40,4,data/raw/lenovo/LENOVO-T24-40.pdf,https://psref.lenovo.com/syspool/Sys/PDF/ThinkVision/ThinkVision_T24_40_Monitor/ThinkVision_T24_40_Monitor_Spec.PDF#page=4,direct_specification,automated_extraction_checked_by_invariants,Official Lenovo PSREF: 23.8-inch 1920x1080 at up to 120 Hz. USB-C is downstream/data only (15 W maximum recorded); it is not a host video input.
MON-L050,video_inputs,"[""HDMI"", ""DisplayPort"", ""VGA""]",LENOVO-T24-40,4,data/raw/lenovo/LENOVO-T24-40.pdf,https://psref.lenovo.com/syspool/Sys/PDF/ThinkVision/ThinkVision_T24_40_Monitor/ThinkVision_T24_40_Monitor_Spec.PDF#page=4,direct_specification,automated_extraction_checked_by_invariants,
